"Date","[10,000,000 - infinity) coins","[1,000,000 - 10,000,000) coins","[100,000  - 1,000,000) coins","[10,000 - 100,000) coins","[1,000 - 10,000) coins","[100 - 1,000) coins","[10 - 100) coins","[1 - 10) coins","[0.1 - 1) coins","[0.01 - 0.1) coins","[0.001 - 0.01) coins","[0 - 0.001) coins"
"2015-07-16T00:00:00.000Z","0","0","0","0","0","0","0","0","0","0","0","0"
"2015-07-23T00:00:00.000Z","0","0","0","0","0","0","0","0","0","0","0","0"
"2015-07-30T00:00:00.000Z","0","0","0","0","0","0","0","0","0","0","0","0"
"2015-08-06T00:00:00.000Z","0","0","0","0","0","0","0","0","0","0","0","0"
"2015-08-13T00:00:00.000Z","0","0","0","0","0","0","0","0","0","0","0","0"
"2015-08-20T00:00:00.000Z","0","0","0","0","0","0","0","0","0","0","0","0"
"2015-08-27T00:00:00.000Z","0","0","0","0","0","0","0","0","0","0","0","0"
"2015-09-03T00:00:00.000Z","0","0","0","0","0","0","0","0","0","0","0","0"
"2015-09-10T00:00:00.000Z","0","0","0","0","0","0","0","0","0","0","0","0"
"2015-09-17T00:00:00.000Z","0","0","0","0","0","0","0","0","0","0","0","0"
"2015-09-24T00:00:00.000Z","0","0","0","0","0","0","0","0","0","0","0","0"
"2015-10-01T00:00:00.000Z","0","0","0","0","0","0","0","0","0","0","0","0"
"2015-10-08T00:00:00.000Z","0","0","0","0","0","0","0","0","0","0","0","0"
"2015-10-15T00:00:00.000Z","0","0","0","0","0","0","0","0","0","0","0","0"
"2015-10-22T00:00:00.000Z","0","0","0","0","0","0","0","0","0","0","0","0"
"2015-10-29T00:00:00.000Z","0","0","0","0","0","0","0","0","0","0","0","0"
"2015-11-05T00:00:00.000Z","0","0","0","0","0","0","0","0","0","0","0","0"
"2015-11-12T00:00:00.000Z","0","0","0","0","0","0","0","0","0","0","0","0"
"2015-11-19T00:00:00.000Z","0","0","0","0","0","0","0","0","0","0","0","0"
"2015-11-26T00:00:00.000Z","0","0","0","0","0","0","0","0","0","0","0","0"
"2015-12-03T00:00:00.000Z","0","0","0","0","0","0","0","0","0","0","0","0"
"2015-12-10T00:00:00.000Z","0","0","0","0","0","0","0","0","0","0","0","0"
"2015-12-17T00:00:00.000Z","0","0","0","0","0","0","0","0","0","0","0","0"
"2015-12-24T00:00:00.000Z","0","0","0","0","0","0","0","0","0","0","0","0"
"2015-12-31T00:00:00.000Z","0","0","0","0","0","0","0","0","0","0","0","0"
"2016-01-07T00:00:00.000Z","0","0","0","0","0","0","0","0","0","0","0","0"
"2016-01-14T00:00:00.000Z","0","0","0","0","0","0","0","0","0","0","0","0"
"2016-01-21T00:00:00.000Z","0","0","0","0","0","0","0","0","0","0","0","0"
"2016-01-28T00:00:00.000Z","0","0","0","0","0","0","0","0","0","0","0","0"
"2016-02-04T00:00:00.000Z","0","0","0","0","0","0","0","0","0","0","0","0"
"2016-02-11T00:00:00.000Z","0","0","0","0","0","0","0","0","0","0","0","0"
"2016-02-18T00:00:00.000Z","0","0","0","0","0","0","0","0","0","0","0","0"
"2016-02-25T00:00:00.000Z","0","0","0","0","0","0","0","0","0","0","0","0"
"2016-03-03T00:00:00.000Z","0","0","0","0","0","0","0","0","0","0","0","0"
"2016-03-10T00:00:00.000Z","0","0","0","0","0","0","0","0","0","0","0","0"
"2016-03-17T00:00:00.000Z","0","0","0","0","0","0","0","0","0","0","0","0"
"2016-03-24T00:00:00.000Z","0","0","0","0","0","0","0","0","0","0","0","0"
"2016-03-31T00:00:00.000Z","0","0","0","0","0","0","0","0","0","0","0","0"
"2016-04-07T00:00:00.000Z","0","0","0","0","0","0","0","0","0","0","0","0"
"2016-04-14T00:00:00.000Z","0","0","0","0","0","0","0","0","0","0","0","0"
"2016-04-21T00:00:00.000Z","0","0","0","0","0","0","0","0","0","0","0","0"
"2016-04-28T00:00:00.000Z","0","0","0","0","0","0","0","0","0","0","0","0"
"2016-05-05T00:00:00.000Z","0","0","0","0","0","0","0","0","0","0","0","0"
"2016-05-12T00:00:00.000Z","0","0","0","0","0","0","0","0","0","0","0","0"
"2016-05-19T00:00:00.000Z","0","0","0","0","0","0","0","0","0","0","0","0"
"2016-05-26T00:00:00.000Z","0","0","0","0","0","0","0","0","0","0","0","0"
"2016-06-02T00:00:00.000Z","0","0","0","0","0","0","0","0","0","0","0","0"
"2016-06-09T00:00:00.000Z","0","0","0","0","0","0","0","0","0","0","0","0"
"2016-06-16T00:00:00.000Z","0","0","0","0","0","0","0","0","0","0","0","0"
"2016-06-23T00:00:00.000Z","0","0","0","0","0","0","0","0","0","0","0","0"
"2016-06-30T00:00:00.000Z","0","0","0","0","0","0","0","0","0","0","0","0"
"2016-07-07T00:00:00.000Z","0","0","0","0","0","0","0","0","0","0","0","0"
"2016-07-14T00:00:00.000Z","0","0","0","0","0","0","0","0","0","0","0","0"
"2016-07-21T00:00:00.000Z","0","0","0","0","0","0","0","0","0","0","0","0"
"2016-07-28T00:00:00.000Z","0","0","0","0","0","0","0","0","0","0","0","0"
"2016-08-04T00:00:00.000Z","0","0","0","0","0","0","0","0","0","0","0","0"
"2016-08-11T00:00:00.000Z","0","0","0","0","0","0","0","0","0","0","0","0"
"2016-08-18T00:00:00.000Z","0","0","0","0","0","0","0","0","0","0","0","0"
"2016-08-25T00:00:00.000Z","0","0","0","0","0","0","0","0","0","0","0","0"
"2016-09-01T00:00:00.000Z","0","0","0","0","0","0","0","0","0","0","0","0"
"2016-09-08T00:00:00.000Z","0","0","0","0","0","0","0","0","0","0","0","0"
"2016-09-15T00:00:00.000Z","0","0","0","0","0","0","0","0","0","0","0","0"
"2016-09-22T00:00:00.000Z","0","0","0","0","0","0","0","0","0","0","0","0"
"2016-09-29T00:00:00.000Z","0","0","0","0","0","0","0","0","0","0","0","0"
"2016-10-06T00:00:00.000Z","0","0","0","0","0","0","0","0","0","0","0","0"
"2016-10-13T00:00:00.000Z","0","0","0","0","0","0","0","0","0","0","0","0"
"2016-10-20T00:00:00.000Z","0","0","0","0","0","0","0","0","0","0","0","0"
"2016-10-27T00:00:00.000Z","0","0","0","0","0","0","0","0","0","0","0","0"
"2016-11-03T00:00:00.000Z","0","0","0","0","0","0","0","0","0","0","0","0"
"2016-11-10T00:00:00.000Z","0","0","0","0","0","0","0","0","0","0","0","0"
"2016-11-17T00:00:00.000Z","0","0","0","0","0","0","0","0","0","0","0","0"
"2016-11-24T00:00:00.000Z","0","0","0","0","0","0","0","0","0","0","0","0"
"2016-12-01T00:00:00.000Z","0","0","0","0","0","0","0","0","0","0","0","0"
"2016-12-08T00:00:00.000Z","0","0","0","0","0","0","0","0","0","0","0","0"
"2016-12-15T00:00:00.000Z","0","0","0","0","0","0","0","0","0","0","0","0"
"2016-12-22T00:00:00.000Z","0","0","0","0","0","0","0","0","0","0","0","0"
"2016-12-29T00:00:00.000Z","0","0","0","0","0","0","0","0","0","0","0","0"
"2017-01-05T00:00:00.000Z","0","0","0","0","0","0","0","0","0","0","0","0"
"2017-01-12T00:00:00.000Z","0","0","0","0","0","0","0","0","0","0","0","0"
"2017-01-19T00:00:00.000Z","0","0","0","0","0","0","0","0","0","0","0","0"
"2017-01-26T00:00:00.000Z","0","0","0","0","0","0","0","0","0","0","0","0"
"2017-02-02T00:00:00.000Z","0","0","0","0","0","0","0","0","0","0","0","0"
"2017-02-09T00:00:00.000Z","0","0","0","0","0","0","0","0","0","0","0","0"
"2017-02-16T00:00:00.000Z","0","0","0","0","0","0","0","0","0","0","0","0"
"2017-02-23T00:00:00.000Z","0","0","0","0","0","0","0","0","0","0","0","0"
"2017-03-02T00:00:00.000Z","0","0","0","0","0","0","0","0","0","0","0","0"
"2017-03-09T00:00:00.000Z","0","0","0","0","0","0","0","0","0","0","0","0"
"2017-03-16T00:00:00.000Z","0","0","0","0","0","0","0","0","0","0","0","0"
"2017-03-23T00:00:00.000Z","0","0","0","0","0","0","0","0","0","0","0","0"
"2017-03-30T00:00:00.000Z","0","0","0","0","0","0","0","0","0","0","0","0"
"2017-04-06T00:00:00.000Z","0","0","0","0","0","0","0","0","0","0","0","0"
"2017-04-13T00:00:00.000Z","0","0","0","0","0","0","0","0","0","0","0","0"
"2017-04-20T00:00:00.000Z","0","0","0","0","0","0","0","0","0","0","0","0"
"2017-04-27T00:00:00.000Z","0","0","0","0","0","0","0","0","0","0","0","0"
"2017-05-04T00:00:00.000Z","0","0","0","0","0","0","0","0","0","0","0","0"
"2017-05-11T00:00:00.000Z","0","0","0","0","0","0","0","0","0","0","0","0"
"2017-05-18T00:00:00.000Z","0","0","0","0","0","0","0","0","0","0","0","0"
"2017-05-25T00:00:00.000Z","0","0","0","0","0","0","0","0","0","0","0","0"
"2017-06-01T00:00:00.000Z","0","0","0","0","0","0","0","0","0","0","0","0"
"2017-06-08T00:00:00.000Z","0","0","0","0","0","0","0","0","0","0","0","0"
"2017-06-15T00:00:00.000Z","0","0","0","0","0","0","0","0","0","0","0","0"
"2017-06-22T00:00:00.000Z","0","0","0","0","0","0","0","0","0","0","0","0"
"2017-06-29T00:00:00.000Z","0","0","0","0","0","0","0","0","0","0","0","0"
"2017-07-06T00:00:00.000Z","0","0","0","0","0","0","0","0","0","0","0","0"
"2017-07-13T00:00:00.000Z","0","0","0","0","0","0","0","0","0","0","0","0"
"2017-07-20T00:00:00.000Z","0","0","0","0","0","0","0","0","0","0","0","0"
"2017-07-27T00:00:00.000Z","0","0","0","0","0","0","0","0","0","0","0","0"
"2017-08-03T00:00:00.000Z","0","0","0","0","0","0","0","0","0","0","0","0"
"2017-08-10T00:00:00.000Z","0","0","0","0","0","0","0","0","0","0","0","0"
"2017-08-17T00:00:00.000Z","0","0","0","0","0","0","0","0","0","0","0","0"
"2017-08-24T00:00:00.000Z","0","0","0","0","0","0","0","0","0","0","0","0"
"2017-08-31T00:00:00.000Z","0","0","0","0","0","0","0","0","0","0","0","0"
"2017-09-07T00:00:00.000Z","0","0","0","0","0","0","0","0","0","0","0","0"
"2017-09-14T00:00:00.000Z","6","5.142857142857143","59","260","140.57142857142858","23.571428571428573","4.285714285714286","2.5714285714285716","1.8571428571428572","1","0","2.7142857142857144"
"2017-09-21T00:00:00.000Z","9","34.285714285714285","490.7142857142857","2127.5714285714284","1671.4285714285713","404","70.42857142857143","42.42857142857143","35.857142857142854","13.428571428571429","8.428571428571429","42.57142857142857"
"2017-09-28T00:00:00.000Z","8.857142857142858","32.142857142857146","528.7142857142857","2660.8571428571427","2787.285714285714","872.1428571428571","176.42857142857142","93.14285714285714","90.14285714285714","38","14.571428571428571","86.42857142857143"
"2017-10-05T00:00:00.000Z","8","32.42857142857143","530.4285714285714","2939.8571428571427","3587.1428571428573","1441.142857142857","302.2857142857143","134.57142857142858","124.28571428571429","49.714285714285715","20.285714285714285","116.85714285714286"
"2017-10-12T00:00:00.000Z","8.857142857142858","28.857142857142858","495.2857142857143","3102.714285714286","4112.857142857143","1816","387.2857142857143","166","150.28571428571428","57.57142857142857","23.285714285714285","136.14285714285714"
"2017-10-19T00:00:00.000Z","8.428571428571429","30.285714285714285","520.7142857142857","3309.5714285714284","4591.142857142857","2152.4285714285716","452.2857142857143","199.85714285714286","170.71428571428572","67.71428571428571","28.571428571428573","154.85714285714286"
"2017-10-26T00:00:00.000Z","8.571428571428571","27.571428571428573","535.2857142857143","3460.1428571428573","4961","2347.714285714286","502","228.42857142857142","187.85714285714286","72","32","166.57142857142858"
"2017-11-02T00:00:00.000Z","8","28","544.4285714285714","3548.4285714285716","5166.285714285715","2442","516.7142857142857","238.14285714285714","205.42857142857142","76.85714285714286","36.285714285714285","183"
"2017-11-09T00:00:00.000Z","8.285714285714286","28.142857142857142","547.7142857142857","3662","5379.142857142857","2565","538.1428571428571","256","214.85714285714286","77.71428571428571","41.857142857142854","203.57142857142858"
"2017-11-16T00:00:00.000Z","8","26.571428571428573","562.5714285714286","3774.5714285714284","5572.714285714285","2674.4285714285716","558","266","226.85714285714286","79.57142857142857","47","224.28571428571428"
"2017-11-23T00:00:00.000Z","8","24.428571428571427","583.1428571428571","3884.714285714286","5743.571428571428","2771.4285714285716","582.7142857142857","277","245.14285714285714","81.57142857142857","47.714285714285715","238.85714285714286"
"2017-11-30T00:00:00.000Z","8.571428571428571","24.142857142857142","476.57142857142856","3922.714285714286","5929","2880.714285714286","613.4285714285714","289.14285714285717","256.85714285714283","86.57142857142857","48","257"
"2017-12-07T00:00:00.000Z","9.142857142857142","24.428571428571427","349.2857142857143","2532.8571428571427","4723","3064.5714285714284","680.7142857142857","296.14285714285717","274.14285714285717","89","49.142857142857146","293.42857142857144"
"2017-12-14T00:00:00.000Z","9","25.714285714285715","330.2857142857143","2085.285714285714","4479.714285714285","3340.5714285714284","751.8571428571429","306.85714285714283","294.85714285714283","101","58.285714285714285","346.2857142857143"
"2017-12-21T00:00:00.000Z","9","25.571428571428573","319.14285714285717","2091.5714285714284","4722.571428571428","3721.714285714286","854.7142857142857","319.7142857142857","309.2857142857143","108.28571428571429","68.42857142857143","403.2857142857143"
"2017-12-28T00:00:00.000Z","9","27","321.42857142857144","2166.714285714286","4972","4099.714285714285","967.5714285714286","328.42857142857144","317","112","72","433.85714285714283"
"2018-01-04T00:00:00.000Z","9","28.142857142857142","322.7142857142857","2261.285714285714","5525","4793.142857142857","1133.2857142857142","339.7142857142857","334.42857142857144","116.14285714285714","78.71428571428571","442.2857142857143"
"2018-01-11T00:00:00.000Z","9","30.714285714285715","327","2334","5942.714285714285","5404","1297.7142857142858","355.57142857142856","349","116.85714285714286","81.42857142857143","462.14285714285717"
"2018-01-18T00:00:00.000Z","9","30.428571428571427","326.42857142857144","2364.285714285714","6154","5810","1385.857142857143","372.57142857142856","360.2857142857143","117.28571428571429","82.14285714285714","487.2857142857143"
"2018-01-25T00:00:00.000Z","9","29","330.85714285714283","2366.1428571428573","6272.714285714285","6090.428571428572","1454.7142857142858","389.7142857142857","369.2857142857143","119.14285714285714","83.28571428571429","514.5714285714286"
"2018-02-01T00:00:00.000Z","9","29.428571428571427","335.2857142857143","2375.5714285714284","6377.714285714285","6291.428571428572","1492.142857142857","400.14285714285717","380.42857142857144","119.71428571428571","86","526.2857142857143"
"2018-02-08T00:00:00.000Z","8.142857142857142","32.142857142857146","346.7142857142857","2395","6485.714285714285","6428.428571428572","1521","407.7142857142857","387","121.28571428571429","87.57142857142857","529.5714285714286"
"2018-02-15T00:00:00.000Z","8","31.857142857142858","348","2414.1428571428573","6628.714285714285","6622.428571428572","1572.5714285714287","418.42857142857144","396.7142857142857","123.71428571428571","90.42857142857143","540.5714285714286"
"2018-02-22T00:00:00.000Z","8","33.285714285714285","350.57142857142856","2430.4285714285716","6745.142857142857","6843.285714285715","1621.7142857142858","431.42857142857144","402.2857142857143","128.71428571428572","92.42857142857143","548.4285714285714"
"2018-03-01T00:00:00.000Z","8","34.285714285714285","351.42857142857144","2450.714285714286","6846.857142857143","7024.142857142857","1673.142857142857","440.14285714285717","407","131.42857142857142","95","557.1428571428571"
"2018-03-08T00:00:00.000Z","9","33.57142857142857","356.85714285714283","2488.285714285714","6971.714285714285","7183","1722.7142857142858","446.14285714285717","412.42857142857144","133.28571428571428","97.71428571428571","563.7142857142857"
"2018-03-15T00:00:00.000Z","9","32.285714285714285","354.42857142857144","2500.285714285714","7026.714285714285","7285.571428571428","1757.7142857142858","452","420.2857142857143","135.14285714285714","98.71428571428571","570.1428571428571"
"2018-03-22T00:00:00.000Z","9","32.57142857142857","351.7142857142857","2501.285714285714","7058.142857142857","7365.857142857143","1785.4285714285713","460.2857142857143","423.14285714285717","138.85714285714286","100","589.2857142857143"
"2018-03-29T00:00:00.000Z","9","30.857142857142858","353.85714285714283","2504.714285714286","7072.571428571428","7429.571428571428","1795.857142857143","466.14285714285717","426.14285714285717","139.71428571428572","100.71428571428571","603.8571428571429"
"2018-04-05T00:00:00.000Z","9","31","355.14285714285717","2508.714285714286","7086.857142857143","7470.285714285715","1811.142857142857","465.7142857142857","429","140","101.14285714285714","614.1428571428571"
"2018-04-12T00:00:00.000Z","9","30.714285714285715","358.57142857142856","2511.4285714285716","7123.428571428572","7525.285714285715","1833.7142857142858","471.2857142857143","433.57142857142856","142.28571428571428","102.57142857142857","619.4285714285714"
"2018-04-19T00:00:00.000Z","9","32.142857142857146","358.2857142857143","2517.8571428571427","7145.285714285715","7594","1854.5714285714287","474.85714285714283","440.2857142857143","144","104.71428571428571","648.4285714285714"
"2018-04-26T00:00:00.000Z","9","33.142857142857146","360.14285714285717","2524.1428571428573","7120.857142857143","7606.714285714285","1877.7142857142858","484.85714285714283","442.14285714285717","147.85714285714286","107.28571428571429","772.7142857142857"
"2018-05-03T00:00:00.000Z","9","33.42857142857143","362.57142857142856","2536","7135.142857142857","7698.714285714285","1901.5714285714287","491.7142857142857","445.85714285714283","150.14285714285714","109.28571428571429","786"
"2018-05-10T00:00:00.000Z","9","32.142857142857146","365.42857142857144","2534.714285714286","7167.142857142857","7784.285714285715","1925.7142857142858","497.85714285714283","450.85714285714283","152.57142857142858","111","796.7142857142857"
"2018-05-17T00:00:00.000Z","9","30.714285714285715","371.42857142857144","2532.1428571428573","7194.142857142857","7843.571428571428","1945","500.7142857142857","456.57142857142856","154.42857142857142","112.42857142857143","804"
"2018-05-24T00:00:00.000Z","9","31.571428571428573","369.2857142857143","2530.5714285714284","7199","7881.714285714285","1957.7142857142858","503.7142857142857","463.7142857142857","155.42857142857142","115","808.2857142857143"
"2018-05-31T00:00:00.000Z","9","30.714285714285715","371.7142857142857","2527.714285714286","7197.857142857143","7913.714285714285","1965.7142857142858","505.14285714285717","463.14285714285717","156.14285714285714","115","818.2857142857143"
"2018-06-07T00:00:00.000Z","9","30.571428571428573","370.57142857142856","2522.714285714286","7182.428571428572","7927.285714285715","1972.142857142857","510.2857142857143","463.7142857142857","157.42857142857142","115","830.4285714285714"
"2018-06-14T00:00:00.000Z","9","32","367.57142857142856","2514.8571428571427","7179.428571428572","7946.714285714285","1977.5714285714287","514.2857142857143","467.2857142857143","158","115.71428571428571","835.8571428571429"
"2018-06-21T00:00:00.000Z","9","32","367.85714285714283","2521.285714285714","7164.857142857143","7958.857142857143","1979.2857142857142","520.2857142857143","471.14285714285717","157.42857142857142","117","841.8571428571429"
"2018-06-28T00:00:00.000Z","9","30.857142857142858","371","2527.8571428571427","7154.714285714285","7972","1984.2857142857142","522","472.14285714285717","158","117","841.5714285714286"
"2018-07-05T00:00:00.000Z","9","31.714285714285715","370.7142857142857","2533.714285714286","7173.142857142857","8004.714285714285","1987","523.5714285714286","472.14285714285717","158","117.71428571428571","845.8571428571429"
"2018-07-12T00:00:00.000Z","9","30.857142857142858","372.2857142857143","2543.5714285714284","7178","8016.285714285715","1992.5714285714287","525.5714285714286","471.85714285714283","158.85714285714286","118.28571428571429","852.7142857142857"
"2018-07-19T00:00:00.000Z","9","29.571428571428573","369","2552","7153.285714285715","8034.571428571428","1997","525.7142857142857","473","160.85714285714286","118.14285714285714","859.7142857142857"
"2018-07-26T00:00:00.000Z","9","30.428571428571427","361.2857142857143","2555.1428571428573","7137.285714285715","8066","2005.857142857143","528.5714285714286","479.2857142857143","161.14285714285714","120.71428571428571","864.5714285714286"
"2018-08-02T00:00:00.000Z","9","30.714285714285715","357","2542.285714285714","7131","8093","2017.4285714285713","533.4285714285714","486","162.28571428571428","121","868.4285714285714"
"2018-08-09T00:00:00.000Z","9","32","361.57142857142856","2514.285714285714","7104.857142857143","8127.285714285715","2027.857142857143","535.5714285714286","493.57142857142856","162.71428571428572","121.42857142857143","870.4285714285714"
"2018-08-16T00:00:00.000Z","9","31","362.7142857142857","2507.285714285714","7103.571428571428","8165.142857142857","2041.4285714285713","538.1428571428571","493.85714285714283","164","121.71428571428571","875.5714285714286"
"2018-08-23T00:00:00.000Z","9","31","360.2857142857143","2519.1428571428573","7133.714285714285","8201.42857142857","2056.1428571428573","544","494.85714285714283","165.14285714285714","123","880.4285714285714"
"2018-08-30T00:00:00.000Z","9","31","356.2857142857143","2528.5714285714284","7131","8226.285714285714","2066.1428571428573","552.2857142857143","498.42857142857144","167","123","890.7142857142857"
"2018-09-06T00:00:00.000Z","9","30.285714285714285","353","2527.285714285714","7108.714285714285","8246.857142857143","2066.8571428571427","560.1428571428571","503.14285714285717","168.71428571428572","123.57142857142857","900.8571428571429"
"2018-09-13T00:00:00.000Z","9","29.571428571428573","352.14285714285717","2526.8571428571427","7102.714285714285","8288.857142857143","2075","566.7142857142857","504.42857142857144","169.85714285714286","124.71428571428571","907.4285714285714"
"2018-09-20T00:00:00.000Z","9","30.714285714285715","352.7142857142857","2505.4285714285716","7097.142857142857","8330.42857142857","2099.8571428571427","574","512.8571428571429","170.28571428571428","126","918.4285714285714"
"2018-09-27T00:00:00.000Z","9","30.714285714285715","359","2520.714285714286","7119.142857142857","8353.42857142857","2114.8571428571427","579","518","171.14285714285714","126.14285714285714","930.2857142857143"
"2018-10-04T00:00:00.000Z","9","30.857142857142858","368.14285714285717","2529.1428571428573","7148","8376.857142857143","2124.1428571428573","588.7142857142857","519.1428571428571","173","127","938.2857142857143"
"2018-10-11T00:00:00.000Z","9","30.142857142857142","372","2541.285714285714","7166.714285714285","8409.714285714286","2139.4285714285716","593.1428571428571","519.2857142857143","174.42857142857142","126.85714285714286","944.7142857142857"
"2018-10-18T00:00:00.000Z","9","30.285714285714285","372.14285714285717","2557.5714285714284","7161","8466","2157.1428571428573","597.2857142857143","521.4285714285714","174.28571428571428","128.57142857142858","950.8571428571429"
"2018-10-25T00:00:00.000Z","9","30.714285714285715","370.85714285714283","2574.285714285714","7167.571428571428","8512.42857142857","2182.8571428571427","605.8571428571429","526.2857142857143","174","131.14285714285714","958.8571428571429"
"2018-11-01T00:00:00.000Z","8.714285714285714","33","369.14285714285717","2579.714285714286","7182.428571428572","8618.57142857143","2237.5714285714284","631.2857142857143","538.8571428571429","173.42857142857142","132.71428571428572","961.5714285714286"
"2018-11-08T00:00:00.000Z","9","34.57142857142857","370.14285714285717","2594.5714285714284","7225.285714285715","8694.714285714286","2277.285714285714","643.8571428571429","544.4285714285714","174.85714285714286","133","968.2857142857143"
"2018-11-15T00:00:00.000Z","8.714285714285714","35","372.57142857142856","2605.1428571428573","7258.857142857143","8784","2317.5714285714284","664.4285714285714","552.7142857142857","177.85714285714286","134.57142857142858","977.5714285714286"
"2018-11-22T00:00:00.000Z","8.857142857142858","34.142857142857146","375.7142857142857","2604.5714285714284","7280.285714285715","8811.714285714286","2335.285714285714","672.8571428571429","560.1428571428571","178.28571428571428","136","989.8571428571429"
"2018-11-29T00:00:00.000Z","9","33.714285714285715","379.14285714285717","2632.5714285714284","7313.428571428572","8867.142857142857","2366.714285714286","680.7142857142857","565.5714285714286","178","137.28571428571428","994"
"2018-12-06T00:00:00.000Z","9","35.142857142857146","372.85714285714283","2631.8571428571427","7305.571428571428","8905.57142857143","2382.4285714285716","693.5714285714286","572.4285714285714","177.85714285714286","138.85714285714286","997.7142857142857"
"2018-12-13T00:00:00.000Z","9","35.42857142857143","373.57142857142856","2645","7320.714285714285","8926","2402.285714285714","704.4285714285714","577.5714285714286","177.71428571428572","140.14285714285714","1008.4285714285714"
"2018-12-20T00:00:00.000Z","9","33.285714285714285","373.7142857142857","2595.4285714285716","7202.571428571428","8966.857142857143","2430","709.1428571428571","574.2857142857143","177.85714285714286","142","1014.4285714285714"
"2018-12-27T00:00:00.000Z","9","32.57142857142857","372.42857142857144","2593.4285714285716","7205.285714285715","9017.714285714286","2461.5714285714284","721.4285714285714","576.1428571428571","180.85714285714286","142","1020.2857142857143"
"2019-01-03T00:00:00.000Z","9","31.285714285714285","371.7142857142857","2583.8571428571427","7261","9124.42857142857","2494.714285714286","734.8571428571429","581.8571428571429","183.57142857142858","143.57142857142858","1025.2857142857142"
"2019-01-10T00:00:00.000Z","8.142857142857142","31.285714285714285","376.2857142857143","2598","7299.571428571428","9242.42857142857","2537.1428571428573","744.7142857142857","594.5714285714286","187.42857142857142","144","1031.2857142857142"
"2019-01-17T00:00:00.000Z","8.142857142857142","31.285714285714285","380","2605.4285714285716","7304.571428571428","9356.42857142857","2584","753.7142857142857","605.2857142857143","187.57142857142858","144.85714285714286","1044.857142857143"
"2019-01-24T00:00:00.000Z","8.714285714285714","29.285714285714285","382.85714285714283","2598.714285714286","7344.571428571428","9424","2612.5714285714284","767.7142857142857","614.1428571428571","190.14285714285714","149.71428571428572","1055.7142857142858"
"2019-01-31T00:00:00.000Z","9","29","382.57142857142856","2603","7404.285714285715","9461.714285714286","2641.1428571428573","773.8571428571429","615.8571428571429","190.71428571428572","152.14285714285714","1069.857142857143"
"2019-02-07T00:00:00.000Z","8","30.285714285714285","382.14285714285717","2618.1428571428573","7440.142857142857","9505.42857142857","2677.714285714286","782.8571428571429","628.2857142857143","194","154.71428571428572","1082.857142857143"
"2019-02-14T00:00:00.000Z","8","29.857142857142858","382.14285714285717","2634.1428571428573","7480.714285714285","9565.285714285714","2714.4285714285716","795.8571428571429","633","196.42857142857142","157.14285714285714","1089.4285714285713"
"2019-02-21T00:00:00.000Z","8","29.571428571428573","383.7142857142857","2644.4285714285716","7518.142857142857","9638.57142857143","2749.5714285714284","807.7142857142857","640.8571428571429","198.42857142857142","159.57142857142858","1100.2857142857142"
"2019-02-28T00:00:00.000Z","8","29.714285714285715","381.7142857142857","2662.8571428571427","7547.714285714285","9690.57142857143","2765.8571428571427","810.8571428571429","648.7142857142857","199.42857142857142","159.57142857142858","1110.7142857142858"
"2019-03-07T00:00:00.000Z","8.142857142857142","30.571428571428573","385.85714285714283","2669.8571428571427","7591.285714285715","9753.42857142857","2795.8571428571427","830","653.2857142857143","203.85714285714286","161.28571428571428","1131.7142857142858"
"2019-03-14T00:00:00.000Z","9","28.142857142857142","390.42857142857144","2684.4285714285716","7641.142857142857","9799.42857142857","2822.714285714286","844.7142857142857","657.1428571428571","208.57142857142858","164","1152.5714285714287"
"2019-03-21T00:00:00.000Z","8.142857142857142","29.857142857142858","389.85714285714283","2693.285714285714","7671.571428571428","9850.142857142857","2841.8571428571427","854","663.8571428571429","210.57142857142858","166","1161.857142857143"
"2019-03-28T00:00:00.000Z","9","28.714285714285715","385.2857142857143","2700.714285714286","7704.714285714285","9923.42857142857","2879.4285714285716","867.5714285714286","666.7142857142857","211.28571428571428","167.71428571428572","1174.2857142857142"
"2019-04-04T00:00:00.000Z","8.142857142857142","28.142857142857142","383.14285714285717","2721","7732","9989.142857142857","2910.1428571428573","890.2857142857143","703.1428571428571","218.71428571428572","173.85714285714286","1191.2857142857142"
"2019-04-11T00:00:00.000Z","9","26.285714285714285","382.57142857142856","2730.285714285714","7766.857142857143","10013.714285714286","2920.5714285714284","903.8571428571429","713.8571428571429","221.57142857142858","180.42857142857142","1209.4285714285713"
"2019-04-18T00:00:00.000Z","8.142857142857142","28.714285714285715","383.42857142857144","2733.1428571428573","7771.428571428572","10049","2935.1428571428573","911.2857142857143","719.4285714285714","221.57142857142858","183.71428571428572","1226.7142857142858"
"2019-04-25T00:00:00.000Z","8","29","386.57142857142856","2742.714285714286","7779.142857142857","10081","2945.714285714286","922.7142857142857","727.4285714285714","220.57142857142858","184.85714285714286","1250"
"2019-05-02T00:00:00.000Z","8","28.428571428571427","390","2754.714285714286","7785.285714285715","10116.857142857143","2968.8571428571427","930","734.4285714285714","221","186","1271.4285714285713"
"2019-05-09T00:00:00.000Z","8","28.428571428571427","391.57142857142856","2754.1428571428573","7796.285714285715","10189.285714285714","3010.285714285714","939.4285714285714","738.4285714285714","224.57142857142858","186.57142857142858","1306"
"2019-05-16T00:00:00.000Z","8","26.571428571428573","397.57142857142856","2789.4285714285716","8028.714285714285","10773.714285714286","3151.1428571428573","991.1428571428571","742.8571428571429","229.85714285714286","187.57142857142858","1355.4285714285713"
"2019-05-23T00:00:00.000Z","8.428571428571429","25.428571428571427","389.14285714285717","2792","8190.571428571428","11285.857142857143","3402.4285714285716","1053.4285714285713","765","236.28571428571428","191","1432.4285714285713"
"2019-05-30T00:00:00.000Z","8.285714285714286","25.571428571428573","390.57142857142856","2785.714285714286","8272.57142857143","11576.857142857143","3531.5714285714284","1092.5714285714287","781.7142857142857","238.42857142857142","195.57142857142858","1504.857142857143"
"2019-06-06T00:00:00.000Z","8","28","395","2810.285714285714","8356.57142857143","11815.57142857143","3655.5714285714284","1116.857142857143","791.7142857142857","240.71428571428572","197.42857142857142","1536"
"2019-06-13T00:00:00.000Z","8","27.142857142857142","392.14285714285717","2880.4285714285716","8650.42857142857","12499.57142857143","3970","1221.7142857142858","811.2857142857143","250.71428571428572","198.42857142857142","1588.7142857142858"
"2019-06-20T00:00:00.000Z","8","26.571428571428573","390.42857142857144","2953.1428571428573","9005.714285714286","13204","4359.714285714285","1338.2857142857142","836.2857142857143","259.7142857142857","202","1637.142857142857"
"2019-06-27T00:00:00.000Z","8.857142857142858","29","380.2857142857143","3024.1428571428573","10272.857142857143","16564.14285714286","5955.857142857143","1934.142857142857","1467.4285714285713","527.2857142857143","280.2857142857143","1732.2857142857142"
"2019-07-04T00:00:00.000Z","9","34","374.57142857142856","2876","9928","18324.571428571428","6895.285714285715","2439.285714285714","2430.1428571428573","974.7142857142857","420.42857142857144","1907"
"2019-07-11T00:00:00.000Z","9","34.714285714285715","373.14285714285717","2889","10006","18934.285714285714","7140.285714285715","2776.8571428571427","3059.8571428571427","1277.2857142857142","515.7142857142857","2059.8571428571427"
"2019-07-18T00:00:00.000Z","9","34.285714285714285","374.85714285714283","2908","10084.857142857143","19326","7364.285714285715","3002.285714285714","3618.285714285714","1529.857142857143","595.2857142857143","2185.285714285714"
"2019-07-25T00:00:00.000Z","9","35.714285714285715","373.2857142857143","2925","10193.857142857143","19577.571428571428","7528","3158.5714285714284","4022.1428571428573","1712.2857142857142","663.2857142857143","2269.714285714286"
"2019-08-01T00:00:00.000Z","9","36","368.7142857142857","2920.5714285714284","10267.714285714286","19840.428571428572","7707.142857142857","3398","4409.142857142857","1889.857142857143","728.8571428571429","2373.714285714286"
"2019-08-08T00:00:00.000Z","9","36.42857142857143","370.85714285714283","2924.714285714286","10372","20158","7960.571428571428","3632.4285714285716","4839.857142857143","2072.714285714286","800.8571428571429","2468.285714285714"
"2019-08-15T00:00:00.000Z","9","36.857142857142854","367.7142857142857","2923.285714285714","10444.285714285714","20417.428571428572","8202","3884.5714285714284","5196.428571428572","2226.285714285714","859.8571428571429","2552.285714285714"
"2019-08-22T00:00:00.000Z","9","35.42857142857143","366.2857142857143","2921.285714285714","10419.57142857143","20641","8268.42857142857","4088","5500.142857142857","2375.8571428571427","918.5714285714286","2633.714285714286"
"2019-08-29T00:00:00.000Z","9","34.285714285714285","370.42857142857144","2925.1428571428573","10492.285714285714","20976.14285714286","8377.857142857143","4271","5747","2497.285714285714","980.8571428571429","2715.285714285714"
"2019-09-05T00:00:00.000Z","9","34","370.14285714285717","2939.8571428571427","10663.142857142857","21349","8652.285714285714","4440.428571428572","5987.428571428572","2589.5714285714284","1031.7142857142858","2788.714285714286"
"2019-09-12T00:00:00.000Z","9","35.142857142857146","374.14285714285717","2990.714285714286","10659.42857142857","21691","8985.285714285714","4651.285714285715","6280.142857142857","2697.714285714286","1082.142857142857","2859.714285714286"
"2019-09-19T00:00:00.000Z","9","35.285714285714285","376.57142857142856","3014.714285714286","10160.142857142857","22272.428571428572","9295.857142857143","4938.428571428572","6587.571428571428","2852.8571428571427","1153.857142857143","2953.5714285714284"
"2019-09-26T00:00:00.000Z","9","36.57142857142857","374.2857142857143","2992.8571428571427","8403.857142857143","22574.85714285714","9647.285714285714","5237.714285714285","6926.857142857143","3020.5714285714284","1249","3074.5714285714284"
"2019-10-03T00:00:00.000Z","9","36.57142857142857","368.57142857142856","2944.285714285714","8337.142857142857","22944.571428571428","10058.57142857143","5531.428571428572","7322.714285714285","3178.5714285714284","1371.5714285714287","3226.5714285714284"
"2019-10-10T00:00:00.000Z","9","38.285714285714285","362.2857142857143","2935.714285714286","8484","23324.428571428572","10691","5874.428571428572","7817.142857142857","3395.285714285714","1531","3435.5714285714284"
"2019-10-17T00:00:00.000Z","9","38.57142857142857","365.2857142857143","2933.5714285714284","8555","23624.428571428572","11205.142857142857","6091.428571428572","8153.857142857143","3553.8571428571427","1640.4285714285713","3578.1428571428573"
"2019-10-24T00:00:00.000Z","9","39.57142857142857","361.7142857142857","2933.8571428571427","8641.285714285714","24116.714285714286","11587","6368.142857142857","8509.42857142857","3738.285714285714","1749.7142857142858","3732.5714285714284"
"2019-10-31T00:00:00.000Z","9","39","361.85714285714283","2931.285714285714","8704.42857142857","24497.14285714286","12057.857142857143","6565.714285714285","8783.142857142857","3857.4285714285716","1849.857142857143","3862.714285714286"
"2019-11-07T00:00:00.000Z","9","38.57142857142857","359.7142857142857","2947.4285714285716","8593.142857142857","24282.571428571428","12433.714285714286","6735.714285714285","8994.42857142857","3959.285714285714","1932.2857142857142","4003"
"2019-11-14T00:00:00.000Z","8.142857142857142","40","356.7142857142857","2961.1428571428573","8706.714285714286","24665","12735.42857142857","6954.142857142857","9247.285714285714","4092.714285714286","2035","4145"
"2019-11-21T00:00:00.000Z","8","40.857142857142854","351.14285714285717","2959.1428571428573","8705.714285714286","25085.571428571428","13126.714285714286","7177.428571428572","9458.857142857143","4214.428571428572","2135.8571428571427","4281.285714285715"
"2019-11-28T00:00:00.000Z","8","40","352.42857142857144","2952.714285714286","8761.857142857143","25336.285714285714","13144.857142857143","7339.142857142857","9673.42857142857","4332.714285714285","2218.285714285714","4384.428571428572"
"2019-12-05T00:00:00.000Z","8","40","348.42857142857144","2950.285714285714","8824.142857142857","25629.14285714286","13420.142857142857","7493.857142857143","9857.714285714286","4443.857142857143","2280.285714285714","4488.428571428572"
"2019-12-12T00:00:00.000Z","8","40","347.57142857142856","2963.1428571428573","8895.142857142857","25876.714285714286","13471.285714285714","7571.142857142857","10027.142857142857","4532.571428571428","2351.285714285714","4618.714285714285"
"2019-12-19T00:00:00.000Z","8","40.285714285714285","346.57142857142856","2967.714285714286","8959.57142857143","26138.428571428572","13546.285714285714","7671.285714285715","10200","4606.142857142857","2409.8571428571427","4735.857142857143"
"2019-12-26T00:00:00.000Z","8","39","348.7142857142857","2975.4285714285716","8993.857142857143","26371.14285714286","13772.57142857143","7798.142857142857","10337.42857142857","4670","2452.285714285714","4831.285714285715"
"2020-01-02T00:00:00.000Z","8","39","346.14285714285717","2978.285714285714","9063.57142857143","26729.714285714286","14064.285714285714","7926.714285714285","10489.714285714286","4727.857142857143","2497.714285714286","4925"
"2020-01-09T00:00:00.000Z","8","39.142857142857146","345.7142857142857","2979.8571428571427","9157.142857142857","27153.285714285714","14420.142857142857","8097.571428571428","10673.57142857143","4825.857142857143","2585.4285714285716","5100"
"2020-01-16T00:00:00.000Z","8","40","341.42857142857144","2978","9248.857142857143","27604.285714285714","14824.57142857143","8299.714285714286","10897.142857142857","4956.857142857143","2675","5312.571428571428"
"2020-01-23T00:00:00.000Z","8","39.285714285714285","341.57142857142856","2977","9294.57142857143","27988","15107.57142857143","8352.285714285714","11106.857142857143","5048","2775.4285714285716","5483.285714285715"
"2020-01-30T00:00:00.000Z","8","39.42857142857143","337.85714285714283","2990.1428571428573","9353.57142857143","28434.571428571428","15506.714285714286","8463","11330.142857142857","5145","2867.285714285714","5675.428571428572"
"2020-02-06T00:00:00.000Z","8.142857142857142","38.285714285714285","339.14285714285717","2998","9429.857142857143","29031.571428571428","16263.42857142857","8727.142857142857","11694.857142857143","5280.571428571428","2982.8571428571427","5901.714285714285"
"2020-02-13T00:00:00.000Z","9","39.42857142857143","336.57142857142856","2996.8571428571427","9584","29994.428571428572","17185.428571428572","9206.285714285714","12303.57142857143","5508.714285714285","3168.8571428571427","6340.571428571428"
"2020-02-20T00:00:00.000Z","9","41","333.42857142857144","2977","9643.714285714286","30782.14285714286","17971.428571428572","9509.714285714286","12798.142857142857","5700.285714285715","3328.285714285714","6736"
"2020-02-27T00:00:00.000Z","9","40","334.2857142857143","2977","9788.857142857143","31418.428571428572","18661.14285714286","9804.857142857143","13209.285714285714","5858.142857142857","3476.5714285714284","7113.142857142857"
"2020-03-05T00:00:00.000Z","9","38.57142857142857","332.2857142857143","2995.8571428571427","9941.57142857143","32244","19210.714285714286","10175.285714285714","13664.714285714286","6039.285714285715","3616.8571428571427","7486.714285714285"
"2020-03-12T00:00:00.000Z","9","41.285714285714285","310.85714285714283","2914.5714285714284","10069","33351.142857142855","20131.571428571428","10757.857142857143","14176.714285714286","6290.571428571428","3756.5714285714284","7741.142857142857"
"2020-03-19T00:00:00.000Z","8.285714285714286","42.714285714285715","302.42857142857144","2890","10222.142857142857","34296.42857142857","20751.571428571428","10983.57142857143","14557.57142857143","6519.285714285715","3896.5714285714284","8029.428571428572"
"2020-03-26T00:00:00.000Z","8","43.57142857142857","299.85714285714283","2896.285714285714","10402.285714285714","35000.142857142855","21236.428571428572","11113.57142857143","14818.857142857143","6637.142857142857","3990","8231.57142857143"
"2020-04-02T00:00:00.000Z","8","43.714285714285715","296","2898.1428571428573","10571.285714285714","35742.42857142857","21798.571428571428","11315.285714285714","15075.857142857143","6762.285714285715","4066.8571428571427","8444.42857142857"
"2020-04-09T00:00:00.000Z","8","43.142857142857146","293.42857142857144","2900.5714285714284","10641.714285714286","36368.857142857145","22650.14285714286","11692.57142857143","15481.142857142857","6972.571428571428","4189","8889.285714285714"
"2020-04-16T00:00:00.000Z","8","43.857142857142854","296.85714285714283","2914.1428571428573","10827.142857142857","37373","23707.85714285714","12003.57142857143","15965.57142857143","7156.857142857143","4315.142857142857","9386.42857142857"
"2020-04-23T00:00:00.000Z","8","43.57142857142857","298.57142857142856","2915.285714285714","11039.857142857143","38329","24977.428571428572","12404.285714285714","16398.285714285714","7341.428571428572","4470.428571428572","9865.142857142857"
"2020-04-30T00:00:00.000Z","8","42.857142857142854","295.85714285714283","2911.8571428571427","11163.857142857143","39138.142857142855","26304.14285714286","12921.857142857143","16821.14285714286","7538.857142857143","4623.714285714285","10357.142857142857"
"2020-05-07T00:00:00.000Z","8","43.285714285714285","296.85714285714283","2916.714285714286","11113.57142857143","40252.28571428572","27868.571428571428","13379.714285714286","17259","7777.142857142857","4818.714285714285","10866.42857142857"
"2020-05-14T00:00:00.000Z","8","43.42857142857143","296","2930.4285714285716","11256.57142857143","41327.28571428572","29390.714285714286","13842.57142857143","17712.714285714286","7992.857142857143","5008.714285714285","11321.142857142857"
"2020-05-21T00:00:00.000Z","9","44.285714285714285","290.42857142857144","2941","11413.714285714286","42314.857142857145","30750.428571428572","14412","18115.571428571428","8188.571428571428","5178.571428571428","11748.142857142857"
"2020-05-28T00:00:00.000Z","9","44.714285714285715","286.14285714285717","2954.1428571428573","11566.857142857143","43163.28571428572","31715.285714285714","14894","18518","8395.42857142857","5331.571428571428","12119.142857142857"
"2020-06-04T00:00:00.000Z","9","43.714285714285715","283.7142857142857","2957","11779.714285714286","44013","32716.14285714286","15305.285714285714","19027.714285714286","8621.714285714286","5477.428571428572","12516.857142857143"
"2020-06-11T00:00:00.000Z","9","45.42857142857143","282.14285714285717","2974.714285714286","11917.285714285714","44987.42857142857","33781","15577","19488.85714285714","8840.285714285714","5617.571428571428","12914.285714285714"
"2020-06-18T00:00:00.000Z","9","45.142857142857146","284.2857142857143","2963.5714285714284","12131","45785.42857142857","34454.57142857143","15866.42857142857","19908.14285714286","9055.142857142857","5741.142857142857","13210.714285714286"
"2020-06-25T00:00:00.000Z","9","44.285714285714285","292.42857142857144","2954.1428571428573","12356.42857142857","46791.142857142855","35258.57142857143","16247.714285714286","20546.428571428572","9304.714285714286","5880.571428571428","13669.714285714286"
"2020-07-02T00:00:00.000Z","9","44.285714285714285","285.57142857142856","2961.4285714285716","12366.42857142857","44130","35524.857142857145","16171.42857142857","21173.714285714286","9523.42857142857","6025.428571428572","14181.857142857143"
"2020-07-09T00:00:00.000Z","8","47","281.7142857142857","2938.4285714285716","12404.57142857143","43918.28571428572","37220.71428571428","16574.85714285714","22897.428571428572","10094.57142857143","6298.142857142857","15025.142857142857"
"2020-07-16T00:00:00.000Z","8","48.285714285714285","276.7142857142857","2912.285714285714","12433.142857142857","45018.857142857145","39574.142857142855","17710.571428571428","24800.428571428572","10882","6610.142857142857","16000.142857142857"
"2020-07-23T00:00:00.000Z","8","50.142857142857146","275.2857142857143","2898.285714285714","12473.142857142857","45896.42857142857","41272.28571428572","17727.428571428572","20827.285714285714","11369.142857142857","6782.428571428572","16659.285714285714"
"2020-07-30T00:00:00.000Z","8","50","272.2857142857143","2893.285714285714","12588.285714285714","46981.42857142857","43062.28571428572","18785.428571428572","19554.571428571428","11815.857142857143","6972.571428571428","17204.714285714286"
"2020-08-06T00:00:00.000Z","8","49.75","274","2894","12821.25","44525.25","45400.75","20338.75","20550.25","12274","7196","17934.5"