"Date","[0 - 0.001) coins","[0.001 - 0.01) coins","[0.01 - 0.1) coins","[0.1 - 1) coins","[1 - 10) coins","[10 - 100) coins","[100 - 1,000) coins","[1,000 - 10,000) coins","[10,000 - 100,000) coins","[100,000  - 1,000,000) coins","[1,000,000 - 10,000,000) coins","[10,000,000 - infinity) coins"
"2018-07-31T00:00:00.000Z","865","121","161","482","531","2011","8078","7136","2548","357","31","9"
"2018-08-01T00:00:00.000Z","866","121","162","482","531","2011","8079","7135","2553","356","31","9"
"2018-08-02T00:00:00.000Z","864","121","162","485","532","2012","8084","7132","2551","355","31","9"
"2018-08-03T00:00:00.000Z","869","121","162","485","532","2014","8090","7124","2543","358","30","9"
"2018-08-04T00:00:00.000Z","869","121","163","484","532","2017","8091","7130","2541","357","30","9"
"2018-08-05T00:00:00.000Z","869","121","163","484","534","2017","8095","7132","2540","357","30","9"
"2018-08-06T00:00:00.000Z","869","121","162","486","535","2019","8095","7132","2536","359","31","9"
"2018-08-07T00:00:00.000Z","869","121","162","489","535","2020","8099","7132","2542","356","31","9"
"2018-08-08T00:00:00.000Z","870","121","162","489","534","2023","8097","7135","2543","357","32","9"
"2018-08-09T00:00:00.000Z","869","121","162","491","535","2024","8109","7117","2523","361","32","9"
"2018-08-10T00:00:00.000Z","870","121","162","493","535","2027","8119","7110","2515","362","32","9"
"2018-08-11T00:00:00.000Z","871","121","162","494","534","2027","8125","7103","2518","362","32","9"
"2018-08-12T00:00:00.000Z","870","122","162","494","536","2028","8129","7102","2519","361","32","9"
"2018-08-13T00:00:00.000Z","870","122","163","494","537","2027","8130","7106","2513","362","32","9"
"2018-08-14T00:00:00.000Z","869","122","164","494","535","2031","8137","7100","2507","361","33","9"
"2018-08-15T00:00:00.000Z","874","121","164","495","537","2031","8142","7096","2505","362","31","9"
"2018-08-16T00:00:00.000Z","874","121","164","495","537","2035","8149","7101","2500","363","31","9"
"2018-08-17T00:00:00.000Z","875","121","164","495","538","2037","8158","7104","2504","362","31","9"
"2018-08-18T00:00:00.000Z","875","121","164","493","538","2036","8158","7107","2506","362","31","9"
"2018-08-19T00:00:00.000Z","875","121","164","494","538","2041","8165","7104","2508","361","32","9"
"2018-08-20T00:00:00.000Z","876","122","164","493","538","2044","8166","7099","2513","362","31","9"
"2018-08-21T00:00:00.000Z","877","123","164","493","539","2047","8177","7101","2509","364","31","9"
"2018-08-22T00:00:00.000Z","877","123","164","494","539","2050","8183","7109","2511","365","30","9"
"2018-08-23T00:00:00.000Z","878","123","164","495","540","2052","8187","7117","2509","362","31","9"
"2018-08-24T00:00:00.000Z","879","123","165","495","541","2054","8193","7123","2515","363","31","9"
"2018-08-25T00:00:00.000Z","880","123","165","495","542","2055","8200","7127","2521","360","31","9"
"2018-08-26T00:00:00.000Z","881","123","165","494","543","2056","8198","7138","2522","360","31","9"
"2018-08-27T00:00:00.000Z","881","123","165","495","545","2057","8208","7143","2522","360","31","9"
"2018-08-28T00:00:00.000Z","881","123","166","495","548","2059","8208","7147","2523","358","31","9"
"2018-08-29T00:00:00.000Z","883","123","166","495","549","2060","8216","7141","2522","359","31","9"
"2018-08-30T00:00:00.000Z","885","123","167","497","550","2062","8214","7144","2526","358","31","9"
"2018-08-31T00:00:00.000Z","889","123","167","497","551","2065","8220","7131","2530","358","31","9"
"2018-09-01T00:00:00.000Z","889","123","167","498","552","2068","8229","7130","2531","356","31","9"
"2018-09-02T00:00:00.000Z","891","123","167","498","553","2068","8228","7126","2528","355","31","9"
"2018-09-03T00:00:00.000Z","891","123","167","498","553","2066","8230","7135","2528","355","31","9"
"2018-09-04T00:00:00.000Z","894","123","167","499","553","2067","8234","7129","2526","356","31","9"
"2018-09-05T00:00:00.000Z","896","123","167","502","554","2067","8229","7122","2531","356","31","9"
"2018-09-06T00:00:00.000Z","896","123","167","503","558","2068","8237","7117","2527","354","31","9"
"2018-09-07T00:00:00.000Z","899","123","169","502","559","2066","8239","7117","2528","354","31","9"
"2018-09-08T00:00:00.000Z","901","123","169","503","558","2064","8240","7110","2527","354","30","9"
"2018-09-09T00:00:00.000Z","902","124","169","503","559","2065","8240","7109","2529","353","30","9"
"2018-09-10T00:00:00.000Z","902","124","169","504","559","2065","8252","7113","2526","353","30","9"
"2018-09-11T00:00:00.000Z","903","124","169","503","567","2071","8256","7104","2525","352","31","9"
"2018-09-12T00:00:00.000Z","903","124","169","504","561","2069","8264","7091","2529","351","29","9"
"2018-09-13T00:00:00.000Z","905","124","169","505","562","2069","8268","7091","2530","350","29","9"
"2018-09-14T00:00:00.000Z","907","124","170","505","567","2071","8277","7094","2528","351","29","9"
"2018-09-15T00:00:00.000Z","907","125","170","506","567","2071","8288","7097","2530","351","30","9"
"2018-09-16T00:00:00.000Z","908","125","170","504","567","2071","8286","7100","2532","351","30","9"
"2018-09-17T00:00:00.000Z","908","125","170","502","567","2077","8293","7112","2524","352","30","9"
"2018-09-18T00:00:00.000Z","909","125","170","502","569","2079","8296","7111","2523","354","30","9"
"2018-09-19T00:00:00.000Z","908","125","170","507","568","2087","8314","7114","2521","356","29","9"
"2018-09-20T00:00:00.000Z","912","126","170","509","569","2092","8324","7109","2507","352","29","9"
"2018-09-21T00:00:00.000Z","916","126","170","512","571","2092","8324","7100","2507","352","31","9"
"2018-09-22T00:00:00.000Z","918","126","170","513","575","2096","8334","7096","2504","353","31","9"
"2018-09-23T00:00:00.000Z","918","126","170","514","575","2101","8334","7093","2506","353","31","9"
"2018-09-24T00:00:00.000Z","919","126","170","514","575","2104","8331","7087","2504","353","31","9"
"2018-09-25T00:00:00.000Z","923","126","171","514","577","2106","8329","7094","2504","353","31","9"
"2018-09-26T00:00:00.000Z","923","126","171","514","576","2108","8337","7101","2506","353","31","9"
"2018-09-27T00:00:00.000Z","925","126","171","515","576","2110","8342","7106","2509","354","31","9"
"2018-09-28T00:00:00.000Z","927","126","171","516","578","2112","8348","7105","2514","357","29","9"
"2018-09-29T00:00:00.000Z","930","126","171","519","579","2115","8343","7120","2517","357","30","9"
"2018-09-30T00:00:00.000Z","932","126","171","519","578","2116","8351","7124","2519","359","32","9"
"2018-10-01T00:00:00.000Z","931","126","171","520","579","2117","8360","7125","2527","361","32","9"
"2018-10-02T00:00:00.000Z","933","126","171","519","580","2117","8363","7127","2528","362","31","9"
"2018-10-03T00:00:00.000Z","934","127","172","518","583","2117","8367","7127","2531","363","30","9"
"2018-10-04T00:00:00.000Z","936","127","173","518","583","2116","8365","7133","2527","365","31","9"
"2018-10-05T00:00:00.000Z","939","127","173","519","588","2122","8365","7141","2526","365","31","9"
"2018-10-06T00:00:00.000Z","937","127","173","519","589","2124","8374","7147","2528","367","31","9"
"2018-10-07T00:00:00.000Z","938","127","173","520","589","2127","8378","7149","2528","369","31","9"
"2018-10-08T00:00:00.000Z","939","127","173","520","590","2126","8377","7152","2530","369","31","9"
"2018-10-09T00:00:00.000Z","940","127","173","520","591","2126","8387","7156","2533","371","30","9"
"2018-10-10T00:00:00.000Z","939","127","173","518","591","2128","8392","7158","2532","371","31","9"
"2018-10-11T00:00:00.000Z","941","127","173","518","591","2134","8398","7163","2534","372","30","9"
"2018-10-12T00:00:00.000Z","943","126","173","519","592","2136","8395","7168","2535","372","30","9"
"2018-10-13T00:00:00.000Z","943","126","175","519","593","2137","8397","7170","2539","372","30","9"
"2018-10-14T00:00:00.000Z","942","126","175","520","594","2140","8404","7167","2541","371","31","9"
"2018-10-15T00:00:00.000Z","947","127","175","520","594","2139","8414","7166","2544","373","30","9"
"2018-10-16T00:00:00.000Z","949","128","175","520","593","2143","8419","7168","2548","372","30","9"
"2018-10-17T00:00:00.000Z","948","128","175","519","595","2147","8441","7165","2548","372","30","9"
"2018-10-18T00:00:00.000Z","949","128","174","520","595","2149","8454","7165","2548","373","30","9"
"2018-10-19T00:00:00.000Z","949","128","174","520","597","2154","8459","7163","2556","373","30","9"
"2018-10-20T00:00:00.000Z","949","128","174","521","598","2153","8459","7162","2557","374","30","9"
"2018-10-21T00:00:00.000Z","949","128","175","521","598","2154","8461","7164","2558","374","31","9"
"2018-10-22T00:00:00.000Z","951","128","175","521","596","2160","8462","7168","2556","373","31","9"
"2018-10-23T00:00:00.000Z","954","130","174","523","598","2165","8480","7155","2561","369","30","9"
"2018-10-24T00:00:00.000Z","955","130","174","524","599","2165","8487","7150","2567","369","30","9"
"2018-10-25T00:00:00.000Z","957","130","174","525","599","2172","8494","7155","2573","370","29","9"
"2018-10-26T00:00:00.000Z","959","131","174","525","603","2174","8494","7160","2570","369","31","9"
"2018-10-27T00:00:00.000Z","959","131","174","526","604","2177","8496","7161","2571","371","30","9"
"2018-10-28T00:00:00.000Z","959","131","174","526","604","2182","8515","7172","2575","370","30","9"
"2018-10-29T00:00:00.000Z","959","131","174","527","608","2185","8517","7169","2575","371","31","9"
"2018-10-30T00:00:00.000Z","960","132","174","526","611","2190","8528","7181","2577","371","32","9"
"2018-10-31T00:00:00.000Z","959","132","174","529","612","2200","8543","7175","2579","374","32","9"
"2018-11-01T00:00:00.000Z","959","132","174","534","621","2213","8578","7173","2575","371","33","9"
"2018-11-02T00:00:00.000Z","959","133","174","538","629","2224","8599","7173","2577","370","32","9"
"2018-11-03T00:00:00.000Z","960","133","174","537","633","2235","8613","7187","2581","371","31","9"
"2018-11-04T00:00:00.000Z","960","132","173","540","632","2239","8622","7184","2578","370","32","9"
"2018-11-05T00:00:00.000Z","963","133","173","540","635","2246","8627","7185","2580","369","33","9"
"2018-11-06T00:00:00.000Z","964","133","173","541","635","2252","8639","7186","2582","366","35","8"
"2018-11-07T00:00:00.000Z","966","133","173","542","634","2254","8652","7189","2585","367","35","8"
"2018-11-08T00:00:00.000Z","966","133","173","542","637","2259","8666","7195","2587","369","34","9"
"2018-11-09T00:00:00.000Z","967","133","173","542","641","2269","8673","7212","2589","370","34","9"
"2018-11-10T00:00:00.000Z","967","133","174","543","642","2271","8679","7218","2592","370","35","9"
"2018-11-11T00:00:00.000Z","968","133","175","543","642","2272","8688","7231","2592","370","35","9"
"2018-11-12T00:00:00.000Z","970","133","176","543","644","2274","8697","7236","2598","371","35","9"
"2018-11-13T00:00:00.000Z","969","133","176","547","648","2292","8726","7242","2600","371","34","9"
"2018-11-14T00:00:00.000Z","971","133","177","551","653","2304","8734","7243","2604","370","35","9"
"2018-11-15T00:00:00.000Z","974","134","177","550","659","2305","8759","7248","2605","370","35","9"
"2018-11-16T00:00:00.000Z","973","135","177","549","662","2311","8773","7254","2611","371","34","9"
"2018-11-17T00:00:00.000Z","976","135","177","553","660","2316","8787","7258","2609","369","35","9"
"2018-11-18T00:00:00.000Z","975","135","178","553","661","2317","8789","7268","2610","372","35","9"
"2018-11-19T00:00:00.000Z","980","135","178","553","664","2324","8795","7264","2603","375","34","9"
"2018-11-20T00:00:00.000Z","982","134","179","554","671","2324","8793","7256","2594","376","36","8"
"2018-11-21T00:00:00.000Z","983","134","179","557","674","2326","8792","7264","2604","375","36","8"
"2018-11-22T00:00:00.000Z","986","136","179","557","671","2330","8796","7272","2606","374","35","9"
"2018-11-23T00:00:00.000Z","986","136","179","559","671","2331","8809","7269","2603","373","35","9"
"2018-11-24T00:00:00.000Z","988","136","178","561","671","2332","8809","7281","2601","374","35","9"
"2018-11-25T00:00:00.000Z","989","136","178","560","672","2338","8806","7281","2597","375","33","9"
"2018-11-26T00:00:00.000Z","990","136","178","561","672","2338","8809","7289","2608","377","34","9"
"2018-11-27T00:00:00.000Z","994","136","178","560","676","2339","8821","7283","2609","379","32","9"
"2018-11-28T00:00:00.000Z","996","136","178","563","677","2339","8832","7287","2608","378","35","8"
"2018-11-29T00:00:00.000Z","994","137","178","563","679","2353","8842","7308","2625","379","34","9"
"2018-11-30T00:00:00.000Z","993","137","178","564","680","2360","8853","7310","2631","380","34","9"
"2018-12-01T00:00:00.000Z","993","137","178","564","680","2361","8866","7316","2634","381","34","9"
"2018-12-02T00:00:00.000Z","993","137","178","565","679","2371","8870","7319","2634","380","34","9"
"2018-12-03T00:00:00.000Z","994","137","178","567","681","2373","8871","7319","2632","380","33","9"
"2018-12-04T00:00:00.000Z","995","138","178","568","681","2375","8884","7316","2642","378","33","9"
"2018-12-05T00:00:00.000Z","996","138","178","568","685","2374","8884","7306","2630","376","34","9"
"2018-12-06T00:00:00.000Z","997","138","178","568","687","2376","8883","7316","2621","378","32","9"
"2018-12-07T00:00:00.000Z","997","139","178","571","689","2375","8897","7312","2624","374","35","9"
"2018-12-08T00:00:00.000Z","995","139","178","571","692","2379","8910","7301","2631","374","35","9"
"2018-12-09T00:00:00.000Z","997","139","178","572","693","2383","8913","7299","2631","372","36","9"
"2018-12-10T00:00:00.000Z","998","139","178","574","696","2387","8912","7303","2637","371","36","9"
"2018-12-11T00:00:00.000Z","999","139","178","575","699","2388","8911","7303","2638","371","36","9"
"2018-12-12T00:00:00.000Z","1001","139","177","576","699","2389","8913","7305","2641","370","36","9"
"2018-12-13T00:00:00.000Z","1005","139","178","577","704","2391","8910","7309","2641","372","35","9"
"2018-12-14T00:00:00.000Z","1004","139","178","577","704","2397","8917","7312","2643","372","35","9"
"2018-12-15T00:00:00.000Z","1008","139","178","577","704","2399","8926","7312","2645","373","35","9"
"2018-12-16T00:00:00.000Z","1009","139","178","577","704","2403","8926","7316","2645","373","36","9"
"2018-12-17T00:00:00.000Z","1010","141","178","577","705","2407","8931","7319","2645","373","36","9"
"2018-12-18T00:00:00.000Z","1011","142","177","579","705","2410","8932","7333","2645","374","36","9"
"2018-12-19T00:00:00.000Z","1012","142","177","579","705","2409","8940","7344","2651","378","35","9"
"2018-12-20T00:00:00.000Z","1013","142","177","578","710","2413","8946","7342","2642","379","35","9"
"2018-12-21T00:00:00.000Z","1016","142","178","576","708","2419","8944","7171","2583","374","33","9"
"2018-12-22T00:00:00.000Z","1015","142","178","573","708","2424","8957","7170","2583","374","33","9"
"2018-12-23T00:00:00.000Z","1014","142","178","573","706","2432","8969","7180","2587","374","32","9"
"2018-12-24T00:00:00.000Z","1013","142","178","573","708","2437","8978","7181","2588","373","32","9"
"2018-12-25T00:00:00.000Z","1014","142","178","573","710","2440","8985","7188","2594","371","34","9"
"2018-12-26T00:00:00.000Z","1016","142","178","574","714","2445","8989","7186","2591","371","34","9"
"2018-12-27T00:00:00.000Z","1017","142","180","574","716","2449","8992","7192","2590","373","33","9"
"2018-12-28T00:00:00.000Z","1020","142","181","574","719","2453","9000","7196","2589","373","33","9"
"2018-12-29T00:00:00.000Z","1020","142","181","575","720","2453","9005","7204","2593","372","33","9"
"2018-12-30T00:00:00.000Z","1020","142","181","576","721","2461","9012","7208","2591","371","33","9"
"2018-12-31T00:00:00.000Z","1021","142","181","578","723","2468","9020","7201","2595","372","32","9"
"2019-01-01T00:00:00.000Z","1021","142","181","578","725","2473","9039","7213","2595","373","32","9"
"2019-01-02T00:00:00.000Z","1023","142","181","578","726","2474","9056","7223","2601","373","32","9"
"2019-01-03T00:00:00.000Z","1025","143","182","577","729","2477","9080","7232","2592","370","33","9"
"2019-01-04T00:00:00.000Z","1024","143","183","581","731","2482","9104","7234","2577","368","32","9"
"2019-01-05T00:00:00.000Z","1025","143","183","580","731","2489","9110","7247","2578","369","32","9"
"2019-01-06T00:00:00.000Z","1026","143","183","582","734","2503","9117","7264","2582","367","32","9"
"2019-01-07T00:00:00.000Z","1027","144","184","584","738","2498","9136","7273","2583","374","30","9"
"2019-01-08T00:00:00.000Z","1026","144","185","584","739","2504","9155","7285","2587","378","30","9"
"2019-01-09T00:00:00.000Z","1024","145","185","585","742","2510","9169","7292","2588","376","30","9"
"2019-01-10T00:00:00.000Z","1025","144","186","587","744","2514","9179","7298","2594","378","30","9"
"2019-01-11T00:00:00.000Z","1028","144","186","589","743","2520","9205","7289","2590","378","31","8"
"2019-01-12T00:00:00.000Z","1028","144","187","593","745","2531","9221","7290","2587","375","32","8"
"2019-01-13T00:00:00.000Z","1031","144","187","595","746","2533","9232","7295","2595","374","32","8"
"2019-01-14T00:00:00.000Z","1034","144","187","597","746","2543","9257","7313","2603","377","31","8"
"2019-01-15T00:00:00.000Z","1036","144","188","599","744","2555","9289","7306","2607","377","31","8"
"2019-01-16T00:00:00.000Z","1037","144","191","602","745","2564","9314","7306","2610","375","32","8"
"2019-01-17T00:00:00.000Z","1042","144","188","604","742","2567","9332","7291","2601","375","32","8"
"2019-01-18T00:00:00.000Z","1043","144","187","603","747","2571","9331","7296","2606","375","32","8"
"2019-01-19T00:00:00.000Z","1043","144","187","604","749","2573","9340","7299","2607","376","32","8"
"2019-01-20T00:00:00.000Z","1047","144","187","603","751","2577","9341","7311","2611","383","31","8"
"2019-01-21T00:00:00.000Z","1046","145","187","604","758","2594","9365","7304","2607","384","31","8"
"2019-01-22T00:00:00.000Z","1044","145","188","608","764","2603","9387","7316","2606","383","31","8"
"2019-01-23T00:00:00.000Z","1049","148","189","611","765","2603","9399","7315","2600","384","30","9"
"2019-01-24T00:00:00.000Z","1050","148","190","613","769","2607","9403","7325","2598","383","29","9"
"2019-01-25T00:00:00.000Z","1051","149","191","615","769","2605","9410","7324","2598","383","28","9"
"2019-01-26T00:00:00.000Z","1053","150","190","616","769","2605","9415","7340","2596","383","31","8"
"2019-01-27T00:00:00.000Z","1056","150","190","615","765","2609","9427","7346","2597","382","31","8"
"2019-01-28T00:00:00.000Z","1059","150","190","612","766","2617","9428","7352","2599","384","29","9"
"2019-01-29T00:00:00.000Z","1060","150","190","614","766","2622","9441","7357","2600","384","29","9"
"2019-01-30T00:00:00.000Z","1061","151","190","614","770","2623","9444","7368","2603","381","28","9"
"2019-01-31T00:00:00.000Z","1064","151","190","614","772","2627","9449","7380","2597","381","29","9"
"2019-02-01T00:00:00.000Z","1065","152","190","614","774","2634","9452","7399","2597","382","29","9"
"2019-02-02T00:00:00.000Z","1069","152","190","615","773","2639","9459","7403","2601","381","29","9"
"2019-02-03T00:00:00.000Z","1071","152","191","616","772","2646","9460","7406","2605","383","29","9"
"2019-02-04T00:00:00.000Z","1071","152","191","615","773","2645","9465","7413","2605","383","29","9"
"2019-02-05T00:00:00.000Z","1073","152","191","617","775","2647","9471","7412","2607","384","29","9"
"2019-02-06T00:00:00.000Z","1076","154","192","620","778","2650","9476","7417","2609","384","29","9"
"2019-02-07T00:00:00.000Z","1077","154","193","623","780","2659","9481","7420","2611","384","31","8"
"2019-02-08T00:00:00.000Z","1078","154","194","624","781","2661","9489","7431","2614","381","31","8"
"2019-02-09T00:00:00.000Z","1083","154","194","626","782","2669","9498","7435","2616","382","30","8"
"2019-02-10T00:00:00.000Z","1085","154","194","629","781","2674","9505","7444","2617","382","30","8"
"2019-02-11T00:00:00.000Z","1085","155","194","632","781","2689","9513","7444","2619","381","31","8"
"2019-02-12T00:00:00.000Z","1086","156","194","632","787","2694","9520","7456","2622","382","30","8"
"2019-02-13T00:00:00.000Z","1086","156","195","632","788","2698","9532","7451","2628","383","29","8"
"2019-02-14T00:00:00.000Z","1086","156","195","632","790","2699","9541","7458","2633","383","29","8"
"2019-02-15T00:00:00.000Z","1086","157","196","631","789","2702","9543","7466","2631","383","30","8"
"2019-02-16T00:00:00.000Z","1086","157","196","633","792","2712","9555","7475","2635","383","30","8"
"2019-02-17T00:00:00.000Z","1089","156","197","632","796","2714","9567","7480","2635","381","30","8"
"2019-02-18T00:00:00.000Z","1092","156","197","633","799","2717","9578","7487","2635","382","30","8"
"2019-02-19T00:00:00.000Z","1093","159","197","635","799","2724","9586","7496","2635","382","30","8"
"2019-02-20T00:00:00.000Z","1094","159","197","635","806","2733","9587","7503","2635","381","30","8"
"2019-02-21T00:00:00.000Z","1094","159","197","636","804","2740","9601","7498","2641","385","29","8"
"2019-02-22T00:00:00.000Z","1097","159","197","640","806","2742","9603","7504","2638","385","29","8"
"2019-02-23T00:00:00.000Z","1097","159","197","640","807","2745","9632","7510","2643","384","29","8"
"2019-02-24T00:00:00.000Z","1098","160","198","643","807","2754","9650","7518","2649","381","30","8"
"2019-02-25T00:00:00.000Z","1104","160","200","642","810","2759","9656","7526","2648","383","30","8"
"2019-02-26T00:00:00.000Z","1105","160","200","642","810","2755","9668","7534","2644","385","30","8"
"2019-02-27T00:00:00.000Z","1107","160","200","643","810","2752","9660","7537","2648","383","30","8"
"2019-02-28T00:00:00.000Z","1108","160","200","648","808","2756","9657","7536","2659","382","29","8"
"2019-03-01T00:00:00.000Z","1108","159","199","650","808","2759","9672","7539","2660","382","29","8"
"2019-03-02T00:00:00.000Z","1109","159","199","651","809","2762","9678","7545","2665","382","29","8"
"2019-03-03T00:00:00.000Z","1110","159","199","650","811","2763","9692","7546","2666","382","29","8"
"2019-03-04T00:00:00.000Z","1113","159","199","649","810","2771","9705","7552","2661","382","30","8"
"2019-03-05T00:00:00.000Z","1113","160","200","647","814","2774","9713","7554","2666","381","31","8"
"2019-03-06T00:00:00.000Z","1114","161","200","646","816","2776","9717","7562","2663","381","31","8"
"2019-03-07T00:00:00.000Z","1117","160","201","648","817","2779","9721","7560","2667","381","31","8"
"2019-03-08T00:00:00.000Z","1120","160","202","650","826","2790","9732","7581","2669","383","31","8"
"2019-03-09T00:00:00.000Z","1131","161","203","651","828","2790","9743","7574","2666","385","31","8"
"2019-03-10T00:00:00.000Z","1135","161","203","655","830","2796","9756","7589","2664","386","31","8"
"2019-03-11T00:00:00.000Z","1138","162","204","655","833","2799","9769","7598","2668","389","30","8"
"2019-03-12T00:00:00.000Z","1140","162","207","656","837","2804","9768","7617","2675","388","31","8"
"2019-03-13T00:00:00.000Z","1141","163","207","658","839","2813","9785","7620","2680","389","29","9"
"2019-03-14T00:00:00.000Z","1143","163","207","657","841","2820","9785","7626","2680","389","29","9"
"2019-03-15T00:00:00.000Z","1148","163","208","655","845","2820","9790","7634","2679","390","29","9"
"2019-03-16T00:00:00.000Z","1153","163","208","656","844","2819","9795","7638","2687","390","28","9"
"2019-03-17T00:00:00.000Z","1154","164","209","655","843","2825","9797","7644","2687","392","28","9"
"2019-03-18T00:00:00.000Z","1156","165","209","658","845","2823","9801","7644","2686","391","27","9"
"2019-03-19T00:00:00.000Z","1157","165","210","659","846","2823","9807","7651","2683","391","28","9"
"2019-03-20T00:00:00.000Z","1157","165","209","660","849","2829","9821","7651","2689","390","28","9"
"2019-03-21T00:00:00.000Z","1159","165","210","662","849","2835","9826","7661","2691","389","30","8"
"2019-03-22T00:00:00.000Z","1160","166","210","663","848","2836","9833","7666","2688","391","30","8"
"2019-03-23T00:00:00.000Z","1162","166","210","664","851","2836","9834","7667","2692","390","30","8"
"2019-03-24T00:00:00.000Z","1163","166","211","665","856","2837","9840","7669","2695","390","30","8"
"2019-03-25T00:00:00.000Z","1161","166","211","666","857","2844","9857","7674","2695","390","30","8"
"2019-03-26T00:00:00.000Z","1162","167","211","666","858","2853","9874","7678","2697","390","30","8"
"2019-03-27T00:00:00.000Z","1166","166","211","661","859","2852","9887","7686","2695","389","29","9"
"2019-03-28T00:00:00.000Z","1167","167","211","664","861","2859","9893","7686","2687","390","29","9"
"2019-03-29T00:00:00.000Z","1169","167","211","666","862","2868","9896","7693","2689","388","29","9"
"2019-03-30T00:00:00.000Z","1172","168","211","665","864","2870","9901","7704","2693","387","29","9"
"2019-03-31T00:00:00.000Z","1173","168","211","665","868","2876","9921","7707","2700","385","29","9"
"2019-04-01T00:00:00.000Z","1179","168","211","667","870","2884","9937","7711","2708","382","29","9"
"2019-04-02T00:00:00.000Z","1178","168","212","669","873","2896","9958","7709","2713","382","28","9"
"2019-04-03T00:00:00.000Z","1182","168","212","671","875","2903","9958","7723","2715","383","28","9"
"2019-04-04T00:00:00.000Z","1189","168","212","671","880","2904","9965","7718","2714","384","29","8"
"2019-04-05T00:00:00.000Z","1188","172","218","707","885","2912","9979","7725","2716","385","28","8"
"2019-04-06T00:00:00.000Z","1185","173","219","709","888","2914","9992","7735","2719","384","28","8"
"2019-04-07T00:00:00.000Z","1188","173","219","707","893","2911","9996","7734","2720","384","28","8"
"2019-04-08T00:00:00.000Z","1194","175","220","708","894","2909","9994","7728","2726","382","29","8"
"2019-04-09T00:00:00.000Z","1198","177","221","708","896","2909","9998","7732","2725","382","28","8"
"2019-04-10T00:00:00.000Z","1197","179","222","712","896","2912","10000","7752","2727","381","27","9"
"2019-04-11T00:00:00.000Z","1201","179","223","714","898","2919","10002","7759","2726","382","26","9"
"2019-04-12T00:00:00.000Z","1206","179","222","713","902","2919","9999","7763","2730","382","26","9"
"2019-04-13T00:00:00.000Z","1206","181","222","714","904","2921","10008","7759","2733","382","26","9"
"2019-04-14T00:00:00.000Z","1211","181","221","714","904","2920","10012","7761","2733","383","26","9"
"2019-04-15T00:00:00.000Z","1212","181","221","714","905","2919","10020","7772","2731","383","26","9"
"2019-04-16T00:00:00.000Z","1213","181","221","714","908","2921","10022","7774","2730","383","27","9"
"2019-04-17T00:00:00.000Z","1217","181","221","714","906","2925","10033","7780","2729","383","27","9"
"2019-04-18T00:00:00.000Z","1218","183","221","717","907","2925","10042","7770","2729","383","27","9"
"2019-04-19T00:00:00.000Z","1220","184","222","718","908","2933","10042","7771","2730","383","29","8"
"2019-04-20T00:00:00.000Z","1224","184","222","720","908","2933","10039","7767","2734","383","29","8"
"2019-04-21T00:00:00.000Z","1227","183","222","719","909","2934","10045","7771","2732","384","29","8"
"2019-04-22T00:00:00.000Z","1228","184","221","720","913","2934","10051","7778","2737","383","29","8"
"2019-04-23T00:00:00.000Z","1233","184","221","722","915","2940","10057","7771","2735","384","29","8"
"2019-04-24T00:00:00.000Z","1237","184","222","720","919","2947","10067","7772","2735","384","29","8"
"2019-04-25T00:00:00.000Z","1239","184","221","722","921","2946","10074","7777","2734","386","29","8"
"2019-04-26T00:00:00.000Z","1243","184","221","724","920","2944","10075","7782","2742","386","29","8"
"2019-04-27T00:00:00.000Z","1248","184","221","726","920","2945","10079","7776","2741","386","29","8"
"2019-04-28T00:00:00.000Z","1252","185","221","727","923","2944","10074","7780","2743","386","29","8"
"2019-04-29T00:00:00.000Z","1252","185","220","729","923","2943","10084","7788","2750","386","29","8"
"2019-04-30T00:00:00.000Z","1256","185","220","732","924","2947","10089","7780","2742","388","29","8"
"2019-05-01T00:00:00.000Z","1260","187","220","732","928","2951","10092","7771","2747","388","29","8"
"2019-05-02T00:00:00.000Z","1261","185","220","734","930","2961","10092","7771","2747","388","29","8"
"2019-05-03T00:00:00.000Z","1263","186","220","734","929","2962","10098","7773","2751","387","29","8"
"2019-05-04T00:00:00.000Z","1265","186","220","734","928","2962","10106","7784","2754","389","29","8"
"2019-05-05T00:00:00.000Z","1269","185","220","735","929","2965","10118","7790","2757","389","29","8"
"2019-05-06T00:00:00.000Z","1276","186","221","733","931","2972","10128","7792","2758","395","27","8"
"2019-05-07T00:00:00.000Z","1282","187","223","734","931","2976","10134","7791","2759","391","28","8"
"2019-05-08T00:00:00.000Z","1284","187","223","737","932","2984","10142","7796","2757","391","28","8"
"2019-05-09T00:00:00.000Z","1288","188","223","738","935","2991","10151","7815","2766","390","28","8"
"2019-05-10T00:00:00.000Z","1301","187","224","737","933","3001","10159","7777","2755","391","29","8"
"2019-05-11T00:00:00.000Z","1305","185","225","737","937","3003","10174","7785","2751","392","29","8"
"2019-05-12T00:00:00.000Z","1304","186","224","740","935","3007","10183","7786","2749","392","29","8"
"2019-05-13T00:00:00.000Z","1304","186","225","741","935","3013","10191","7786","2748","390","29","8"
"2019-05-14T00:00:00.000Z","1315","188","225","739","945","3010","10211","7804","2748","389","29","8"
"2019-05-15T00:00:00.000Z","1325","186","226","737","956","3047","10256","7821","2762","397","26","8"
"2019-05-16T00:00:00.000Z","1338","187","226","737","966","3069","10433","7886","2781","397","27","8"
"2019-05-17T00:00:00.000Z","1347","188","227","737","971","3096","10592","7947","2776","399","27","8"
"2019-05-18T00:00:00.000Z","1351","188","229","738","977","3108","10698","7997","2780","400","27","8"
"2019-05-19T00:00:00.000Z","1356","187","230","741","986","3136","10800","8044","2796","399","27","8"
"2019-05-20T00:00:00.000Z","1355","187","231","741","995","3155","10853","8068","2802","400","27","8"
"2019-05-21T00:00:00.000Z","1364","187","232","746","1014","3206","10954","8118","2800","398","26","8"
"2019-05-22T00:00:00.000Z","1377","189","234","760","1029","3288","11086","8141","2791","390","25","8"
"2019-05-23T00:00:00.000Z","1389","191","234","760","1043","3338","11150","8160","2792","391","26","8"
"2019-05-24T00:00:00.000Z","1396","191","235","764","1048","3378","11198","8161","2800","388","26","8"
"2019-05-25T00:00:00.000Z","1416","190","236","761","1050","3389","11246","8153","2793","388","27","8"
"2019-05-26T00:00:00.000Z","1437","190","237","762","1054","3391","11294","8186","2794","389","26","9"
"2019-05-27T00:00:00.000Z","1455","190","236","766","1055","3419","11327","8213","2792","390","24","9"
"2019-05-28T00:00:00.000Z","1463","191","237","771","1059","3435","11372","8230","2785","388","24","9"
"2019-05-29T00:00:00.000Z","1471","194","239","771","1065","3467","11414","8231","2788","390","25","8"
"2019-05-30T00:00:00.000Z","1478","195","238","777","1076","3481","11460","8230","2792","387","24","9"
"2019-05-31T00:00:00.000Z","1491","197","238","779","1081","3506","11515","8250","2789","388","25","9"
"2019-06-01T00:00:00.000Z","1507","195","238","782","1091","3518","11548","8273","2786","392","26","8"
"2019-06-02T00:00:00.000Z","1510","195","238","782","1095","3535","11578","8264","2785","392","26","8"
"2019-06-03T00:00:00.000Z","1518","195","239","781","1100","3537","11610","8295","2781","393","25","8"
"2019-06-04T00:00:00.000Z","1516","195","239","786","1101","3559","11640","8293","2784","391","26","8"
"2019-06-05T00:00:00.000Z","1514","197","239","785","1104","3585","11687","8303","2783","391","27","8"
"2019-06-06T00:00:00.000Z","1519","197","241","787","1111","3610","11738","8308","2784","394","26","8"
"2019-06-07T00:00:00.000Z","1527","199","240","788","1114","3626","11758","8323","2788","395","28","8"
"2019-06-08T00:00:00.000Z","1531","197","240","791","1117","3642","11786","8350","2797","394","28","8"
"2019-06-09T00:00:00.000Z","1537","197","241","794","1118","3661","11813","8351","2811","397","28","8"
"2019-06-10T00:00:00.000Z","1541","197","241","793","1120","3673","11848","8367","2821","396","28","8"
"2019-06-11T00:00:00.000Z","1547","197","241","794","1118","3685","11874","8388","2832","394","29","8"
"2019-06-12T00:00:00.000Z","1550","198","241","795","1120","3692","11892","8409","2839","395","29","8"
"2019-06-13T00:00:00.000Z","1564","198","244","804","1140","3726","12014","8429","2844","389","28","8"
"2019-06-14T00:00:00.000Z","1592","197","243","808","1178","3842","12223","8510","2853","393","27","8"
"2019-06-15T00:00:00.000Z","1584","198","251","812","1201","3933","12380","8589","2870","392","27","8"
"2019-06-16T00:00:00.000Z","1590","199","253","805","1234","3962","12509","8632","2876","395","27","8"
"2019-06-17T00:00:00.000Z","1592","198","253","806","1259","4048","12681","8722","2892","396","26","8"
"2019-06-18T00:00:00.000Z","1598","199","255","820","1267","4117","12799","8814","2906","389","28","8"
"2019-06-19T00:00:00.000Z","1601","200","256","824","1273","4162","12891","8857","2922","391","27","8"
"2019-06-20T00:00:00.000Z","1606","201","257","825","1292","4205","12952","8893","2931","394","27","8"
"2019-06-21T00:00:00.000Z","1627","202","256","830","1307","4245","13008","8893","2946","391","27","8"
"2019-06-22T00:00:00.000Z","1635","202","259","833","1320","4295","13084","8928","2942","389","27","8"
"2019-06-23T00:00:00.000Z","1636","202","258","836","1329","4345","13168","8987","2945","390","26","8"
"2019-06-24T00:00:00.000Z","1646","202","260","835","1345","4369","13226","9026","2956","389","26","8"
"2019-06-25T00:00:00.000Z","1652","202","264","839","1355","4464","13372","9076","2965","392","25","8"
"2019-06-26T00:00:00.000Z","1658","203","264","856","1420","4595","13618","9237","2987","388","28","8"
"2019-06-27T00:00:00.000Z","1660","203","267","866","1482","4751","13978","9442","3020","387","27","8"
"2019-06-28T00:00:00.000Z","1661","213","298","973","1631","5177","14980","10245","3117","388","23","8"
"2019-06-29T00:00:00.000Z","1689","264","450","1329","1918","5953","16712","11167","3192","385","26","9"
"2019-06-30T00:00:00.000Z","1739","284","555","1525","2011","6176","17093","11369","3221","383","26","9"
"2019-07-01T00:00:00.000Z","1767","311","624","1696","2094","6400","17456","9875","2884","373","32","10"
"2019-07-02T00:00:00.000Z","1799","332","714","1872","2172","6576","17765","9899","2871","371","34","9"
"2019-07-03T00:00:00.000Z","1811","355","783","2011","2231","6658","17965","9913","2864","375","35","9"
"2019-07-04T00:00:00.000Z","1845","381","848","2139","2279","6733","18057","9935","2865","376","34","9"
"2019-07-05T00:00:00.000Z","1854","394","900","2270","2337","6806","18151","9917","2868","378","34","9"
"2019-07-06T00:00:00.000Z","1875","400","938","2341","2381","6872","18235","9932","2872","378","34","9"
"2019-07-07T00:00:00.000Z","1901","415","969","2405","2416","6933","18318","9929","2884","371","36","9"
"2019-07-08T00:00:00.000Z","1926","437","1012","2504","2486","6952","18406","9930","2881","370","35","9"
"2019-07-09T00:00:00.000Z","1965","451","1053","2636","2561","6957","18493","9907","2881","376","32","9"
"2019-07-10T00:00:00.000Z","1983","465","1103","2716","2615","7014","18612","9946","2881","373","33","9"
"2019-07-11T00:00:00.000Z","1995","484","1143","2808","2678","7045","18682","9966","2878","373","34","9"
"2019-07-12T00:00:00.000Z","2022","497","1188","2907","2708","7084","18799","9989","2882","375","34","9"
"2019-07-13T00:00:00.000Z","2045","509","1230","2974","2755","7124","18909","10004","2887","374","34","9"
"2019-07-14T00:00:00.000Z","2059","517","1282","3060","2772","7145","18959","10032","2890","374","35","9"
"2019-07-15T00:00:00.000Z","2078","524","1327","3147","2801","7163","19007","10039","2895","373","36","9"
"2019-07-16T00:00:00.000Z","2102","535","1368","3217","2841","7195","19055","9995","2894","371","35","9"
"2019-07-17T00:00:00.000Z","2118","544","1403","3306","2883","7226","19129","10017","2897","372","35","9"
"2019-07-18T00:00:00.000Z","2144","564","1442","3405","2932","7279","19217","10023","2901","376","33","9"
"2019-07-19T00:00:00.000Z","2156","576","1477","3509","2959","7318","19234","10060","2902","376","33","9"
"2019-07-20T00:00:00.000Z","2171","586","1508","3578","2976","7343","19272","10082","2906","373","35","9"
"2019-07-21T00:00:00.000Z","2185","594","1520","3625","2994","7368","19331","10098","2906","373","35","9"
"2019-07-22T00:00:00.000Z","2201","603","1557","3679","3027","7381","19368","10101","2910","376","34","9"
"2019-07-23T00:00:00.000Z","2215","616","1586","3739","3056","7406","19411","10100","2912","376","35","9"
"2019-07-24T00:00:00.000Z","2225","628","1619","3793","3072","7455","19449","10130","2919","374","35","9"
"2019-07-25T00:00:00.000Z","2232","642","1642","3870","3087","7471","19484","10147","2927","374","35","9"
"2019-07-26T00:00:00.000Z","2243","649","1663","3931","3113","7484","19516","10168","2924","371","37","9"
"2019-07-27T00:00:00.000Z","2255","653","1686","3983","3136","7506","19537","10197","2920","375","36","9"
"2019-07-28T00:00:00.000Z","2264","661","1712","4028","3147","7540","19571","10182","2924","375","36","9"
"2019-07-29T00:00:00.000Z","2289","670","1732","4068","3171","7550","19598","10189","2929","375","35","9"
"2019-07-30T00:00:00.000Z","2293","679","1759","4112","3214","7564","19647","10218","2926","374","35","9"
"2019-07-31T00:00:00.000Z","2312","689","1792","4163","3242","7581","19690","10256","2925","369","36","9"
"2019-08-01T00:00:00.000Z","2329","698","1806","4225","3269","7589","19740","10282","2926","369","36","9"
"2019-08-02T00:00:00.000Z","2347","702","1840","4279","3324","7608","19753","10236","2914","368","36","9"
"2019-08-03T00:00:00.000Z","2359","717","1871","4363","3380","7685","19835","10248","2925","368","36","9"
"2019-08-04T00:00:00.000Z","2368","725","1887","4413","3410","7725","19869","10280","2919","368","36","9"
"2019-08-05T00:00:00.000Z","2388","740","1912","4459","3442","7746","19841","10245","2917","369","36","9"
"2019-08-06T00:00:00.000Z","2406","755","1947","4531","3472","7788","19894","10286","2916","369","36","9"
"2019-08-07T00:00:00.000Z","2419","765","1966","4594","3489","7809","19951","10297","2927","370","36","9"
"2019-08-08T00:00:00.000Z","2432","774","2001","4670","3525","7866","19990","10320","2920","371","36","9"
"2019-08-09T00:00:00.000Z","2448","785","2023","4735","3552","7883","20060","10353","2928","370","36","9"
"2019-08-10T00:00:00.000Z","2463","792","2048","4791","3579","7924","20118","10371","2933","369","37","9"
"2019-08-11T00:00:00.000Z","2470","799","2075","4851","3635","7981","20161","10371","2928","371","37","9"
"2019-08-12T00:00:00.000Z","2478","812","2099","4890","3678","7985","20212","10389","2927","371","36","9"
"2019-08-13T00:00:00.000Z","2485","818","2118","4942","3704","8025","20242","10378","2914","374","36","9"
"2019-08-14T00:00:00.000Z","2502","826","2145","5000","3754","8060","20323","10422","2923","370","37","9"
"2019-08-15T00:00:00.000Z","2515","836","2168","5067","3805","8108","20289","10402","2918","371","37","9"
"2019-08-16T00:00:00.000Z","2527","847","2187","5104","3834","8101","20325","10420","2925","368","37","9"
"2019-08-17T00:00:00.000Z","2535","852","2199","5139","3851","8138","20380","10419","2924","368","37","9"
"2019-08-18T00:00:00.000Z","2543","857","2224","5184","3887","8182","20442","10434","2928","368","37","9"
"2019-08-19T00:00:00.000Z","2566","865","2246","5250","3908","8243","20469","10464","2927","367","37","9"
"2019-08-20T00:00:00.000Z","2583","877","2268","5289","3941","8296","20489","10476","2924","366","37","9"
"2019-08-21T00:00:00.000Z","2597","885","2292","5342","3966","8346","20528","10495","2917","366","36","9"
"2019-08-22T00:00:00.000Z","2598","898","2308","5386","4001","8384","20538","10505","2923","367","36","9"
"2019-08-23T00:00:00.000Z","2610","903","2341","5431","4039","8184","20554","10363","2914","365","36","9"
"2019-08-24T00:00:00.000Z","2622","910","2350","5460","4076","8217","20605","10368","2914","364","36","9"
"2019-08-25T00:00:00.000Z","2626","914","2372","5493","4085","8234","20613","10396","2916","367","35","9"
"2019-08-26T00:00:00.000Z","2644","922","2401","5535","4106","8255","20680","10414","2920","367","34","9"
"2019-08-27T00:00:00.000Z","2662","935","2421","5573","4141","8294","20726","10433","2927","368","35","9"
"2019-08-28T00:00:00.000Z","2674","948","2438","5623","4168","8311","20771","10458","2935","366","36","9"
"2019-08-29T00:00:00.000Z","2684","959","2456","5674","4199","8337","20824","10401","2920","369","35","9"
"2019-08-30T00:00:00.000Z","2697","964","2471","5699","4228","8339","20865","10434","2920","369","34","9"
"2019-08-31T00:00:00.000Z","2707","969","2482","5721","4249","8348","20915","10473","2932","370","34","9"
"2019-09-01T00:00:00.000Z","2714","984","2491","5733","4268","8360","20976","10505","2935","369","35","9"
"2019-09-02T00:00:00.000Z","2723","988","2509","5761","4293","8394","21044","10520","2927","372","34","9"
"2019-09-03T00:00:00.000Z","2734","997","2530","5805","4320","8419","21081","10541","2925","372","34","9"
"2019-09-04T00:00:00.000Z","2748","1005","2542","5836","4340","8448","21128","10572","2917","372","34","9"
"2019-09-05T00:00:00.000Z","2758","1015","2561","5882","4372","8486","21166","10595","2920","371","34","9"
"2019-09-06T00:00:00.000Z","2773","1022","2570","5918","4395","8509","21175","10605","2926","373","34","9"
"2019-09-07T00:00:00.000Z","2777","1026","2583","5946","4409","8544","21247","10620","2926","372","34","9"
"2019-09-08T00:00:00.000Z","2788","1031","2589","5982","4441","8586","21324","10642","2929","369","34","9"
"2019-09-09T00:00:00.000Z","2798","1033","2594","6022","4465","8743","21398","10682","2946","368","34","9"
"2019-09-10T00:00:00.000Z","2808","1044","2608","6055","4481","8827","21483","10731","2956","369","34","9"
"2019-09-11T00:00:00.000Z","2819","1051","2622","6107","4520","8871","21650","10767","2976","369","34","9"
"2019-09-12T00:00:00.000Z","2826","1060","2645","6173","4551","8921","21844","10817","2978","372","35","9"
"2019-09-13T00:00:00.000Z","2833","1066","2673","6226","4618","8930","21601","10589","2987","372","35","9"
"2019-09-14T00:00:00.000Z","2844","1074","2692","6258","4632","8959","21609","10609","2993","373","35","9"
"2019-09-15T00:00:00.000Z","2856","1081","2701","6287","4642","8970","21633","10623","2998","374","35","9"
"2019-09-16T00:00:00.000Z","2876","1090","2713","6311","4676","9025","21665","10640","2994","375","35","9"
"2019-09-17T00:00:00.000Z","2882","1098","2718","6335","4698","9037","21714","10653","2990","376","35","9"
"2019-09-18T00:00:00.000Z","2901","1106","2742","6371","4742","9055","21771","10685","2995","377","36","9"
"2019-09-19T00:00:00.000Z","2912","1120","2770","6449","4792","9170","22012","10764","2998","379","36","9"
"2019-09-20T00:00:00.000Z","2928","1132","2803","6505","4840","9199","22157","10783","3009","378","35","9"
"2019-09-21T00:00:00.000Z","2944","1145","2827","6540","4891","9226","22257","10834","3018","376","35","9"
"2019-09-22T00:00:00.000Z","2949","1154","2850","6575","4935","9300","22313","10855","3019","377","35","9"
"2019-09-23T00:00:00.000Z","2962","1164","2875","6619","4967","9334","22389","10884","3023","377","34","9"
"2019-09-24T00:00:00.000Z","2981","1177","2907","6686","5046","9389","22348","8489","3020","374","36","9"
"2019-09-25T00:00:00.000Z","2999","1185","2938","6739","5098","9453","22431","8512","3016","375","36","9"
"2019-09-26T00:00:00.000Z","3009","1196","2962","6797","5126","9516","22493","8359","3002","376","36","9"
"2019-09-27T00:00:00.000Z","3015","1212","2991","6847","5161","9546","22505","8376","2999","375","36","9"
"2019-09-28T00:00:00.000Z","3021","1224","3002","6892","5199","9586","22531","8388","2995","375","36","9"
"2019-09-29T00:00:00.000Z","3094","1235","3012","6918","5241","9642","22564","8398","2994","374","36","9"
"2019-09-30T00:00:00.000Z","3115","1278","3028","6952","5269","9688","22619","8422","2996","373","37","9"
"2019-10-01T00:00:00.000Z","3124","1292","3067","7009","5304","9737","22612","8427","2981","373","38","9"
"2019-10-02T00:00:00.000Z","3144","1306","3082","7073","5364","9816","22700","8457","2983","374","37","9"
"2019-10-03T00:00:00.000Z","3166","1324","3097","7133","5403","9863","22781","8292","2936","371","37","9"
"2019-10-04T00:00:00.000Z","3182","1344","3113","7186","5423","9907","22804","8306","2945","370","37","9"
"2019-10-05T00:00:00.000Z","3199","1349","3131","7233","5443","9944","22843","8299","2945","370","37","9"
"2019-10-06T00:00:00.000Z","3218","1365","3159","7302","5517","10031","22935","8334","2943","370","36","9"
"2019-10-07T00:00:00.000Z","3239","1378","3200","7383","5586","10115","22995","8342","2947","367","36","9"
"2019-10-08T00:00:00.000Z","3266","1403","3248","7463","5632","10200","23082","8372","2948","369","35","9"
"2019-10-09T00:00:00.000Z","3316","1438","3302","7559","5716","10350","23172","8415","2946","363","38","9"
"2019-10-10T00:00:00.000Z","3361","1453","3334","7631","5767","10447","23208","8441","2941","360","38","9"
"2019-10-11T00:00:00.000Z","3384","1475","3367","7710","5803","10527","23284","8461","2937","363","38","9"
"2019-10-12T00:00:00.000Z","3425","1520","3378","7772","5832","10615","23294","8477","2935","362","39","9"
"2019-10-13T00:00:00.000Z","3434","1547","3392","7823","5861","10694","23336","8494","2938","361","39","9"
"2019-10-14T00:00:00.000Z","3461","1554","3408","7864","5932","10760","23365","8504","2932","363","38","9"
"2019-10-15T00:00:00.000Z","3482","1576","3430","7937","5957","10833","23375","8497","2930","363","38","9"
"2019-10-16T00:00:00.000Z","3502","1592","3458","7983","5969","10961","23409","8514","2937","364","38","9"
"2019-10-17T00:00:00.000Z","3520","1607","3478","8029","6001","11012","23471","8533","2935","367","37","9"
"2019-10-18T00:00:00.000Z","3536","1618","3502","8074","6032","11087","23514","8541","2934","366","39","9"
"2019-10-19T00:00:00.000Z","3555","1627","3527","8096","6053","11137","23553","8557","2934","367","39","9"
"2019-10-20T00:00:00.000Z","3574","1639","3550","8138","6077","11184","23599","8548","2932","367","38","9"
"2019-10-21T00:00:00.000Z","3594","1651","3583","8191","6098","11303","23707","8566","2936","363","39","9"
"2019-10-22T00:00:00.000Z","3623","1665","3606","8254","6166","11398","23743","8564","2928","364","39","9"
"2019-10-23T00:00:00.000Z","3645","1676","3631","8295","6213","11315","23784","8576","2936","363","39","9"
"2019-10-24T00:00:00.000Z","3667","1697","3655","8357","6238","11343","23906","8581","2936","360","40","9"
"2019-10-25T00:00:00.000Z","3697","1716","3685","8420","6286","11423","23976","8619","2933","361","41","9"
"2019-10-26T00:00:00.000Z","3714","1737","3727","8475","6337","11529","24084","8631","2938","363","39","9"
"2019-10-27T00:00:00.000Z","3736","1752","3748","8523","6383","11590","24143","8644","2932","364","39","9"
"2019-10-28T00:00:00.000Z","3754","1767","3767","8554","6426","11666","24167","8654","2937","363","39","9"
"2019-10-29T00:00:00.000Z","3767","1782","3784","8604","6437","11753","24235","8675","2931","360","40","9"
"2019-10-30T00:00:00.000Z","3793","1797","3802","8633","6470","11805","24306","8685","2930","361","39","9"
"2019-10-31T00:00:00.000Z","3811","1807","3824","8673","6485","11883","24345","8675","2934","362","39","9"
"2019-11-01T00:00:00.000Z","3836","1822","3837","8732","6507","11946","24397","8693","2930","361","39","9"
"2019-11-02T00:00:00.000Z","3849","1839","3848","8756","6531","11995","24463","8701","2929","362","39","9"
"2019-11-03T00:00:00.000Z","3863","1851","3852","8791","6566","12055","24497","8701","2928","362","39","9"
"2019-11-04T00:00:00.000Z","3878","1863","3867","8810","6599","12123","24552","8722","2930","363","39","9"
"2019-11-05T00:00:00.000Z","3891","1877","3878","8847","6624","12194","24585","8710","2930","362","39","9"
"2019-11-06T00:00:00.000Z","3911","1890","3896","8873","6648","12209","24641","8729","2938","361","39","9"
"2019-11-07T00:00:00.000Z","3935","1898","3918","8912","6667","12276","24122","8548","2941","360","40","9"
"2019-11-08T00:00:00.000Z","3963","1909","3934","8929","6700","12312","24180","8558","2944","361","39","9"
"2019-11-09T00:00:00.000Z","3985","1924","3946","8956","6712","12393","24246","8591","2942","362","38","9"
"2019-11-10T00:00:00.000Z","4012","1936","3956","8988","6724","12443","24323","8593","2941","361","38","9"
"2019-11-11T00:00:00.000Z","4028","1942","3971","9019","6735","12521","24317","8601","2946","360","38","9"
"2019-11-12T00:00:00.000Z","4040","1952","3982","9055","6788","12568","24364","8620","2958","358","38","9"
"2019-11-13T00:00:00.000Z","4058","1965","4008","9102","6824","12523","24426","8641","2960","356","39","9"
"2019-11-14T00:00:00.000Z","4088","1987","4029","9145","6895","12625","24518","8656","2957","360","39","9"
"2019-11-15T00:00:00.000Z","4118","2006","4059","9180","6910","12615","24563","8675","2954","358","40","8"
"2019-11-16T00:00:00.000Z","4129","2027","4081","9207","6930","12672","24607","8681","2960","357","41","8"
"2019-11-17T00:00:00.000Z","4141","2037","4093","9245","6950","12718","24664","8692","2968","355","40","8"
"2019-11-18T00:00:00.000Z","4157","2052","4112","9283","6981","12783","24715","8721","2965","357","40","8"
"2019-11-19T00:00:00.000Z","4182","2063","4128","9316","6999","12843","24778","8753","2962","356","40","8"
"2019-11-20T00:00:00.000Z","4200","2073","4147","9355","7014","12892","24810","8769","2962","354","40","8"
"2019-11-21T00:00:00.000Z","4224","2090","4159","9376","7047","12946","24873","8684","2965","353","41","8"
"2019-11-22T00:00:00.000Z","4246","2112","4181","9398","7122","13037","24924","8688","2960","351","41","8"
"2019-11-23T00:00:00.000Z","4263","2130","4199","9431","7147","13083","25024","8699","2962","350","41","8"
"2019-11-24T00:00:00.000Z","4293","2136","4211","9449","7186","13119","25085","8708","2959","350","41","8"
"2019-11-25T00:00:00.000Z","4300","2149","4233","9490","7208","13177","25168","8712","2955","350","41","8"
"2019-11-26T00:00:00.000Z","4311","2162","4250","9518","7251","13227","25232","8717","2956","351","41","8"
"2019-11-27T00:00:00.000Z","4332","2172","4268","9550","7281","13298","25293","8732","2957","353","40","8"
"2019-11-28T00:00:00.000Z","4338","2188","4285","9568","7290","13032","25243","8743","2954","353","40","8"
"2019-11-29T00:00:00.000Z","4359","2202","4307","9600","7305","13087","25245","8737","2958","354","40","8"
"2019-11-30T00:00:00.000Z","4370","2210","4319","9645","7317","13100","25273","8745","2959","352","40","8"
"2019-12-01T00:00:00.000Z","4382","2220","4332","9670","7337","13141","25316","8760","2958","353","40","8"
"2019-12-02T00:00:00.000Z","4398","2228","4345","9712","7347","13188","25381","8779","2945","353","40","8"
"2019-12-03T00:00:00.000Z","4417","2236","4367","9749","7369","13220","25433","8782","2948","352","40","8"
"2019-12-04T00:00:00.000Z","4427","2244","4374","9770","7409","13246","25463","8787","2947","350","40","8"
"2019-12-05T00:00:00.000Z","4438","2252","4391","9791","7441","13300","25496","8798","2949","349","40","8"
"2019-12-06T00:00:00.000Z","4452","2260","4422","9812","7454","13342","25542","8811","2948","348","40","8"
"2019-12-07T00:00:00.000Z","4471","2271","4433","9847","7466","13399","25582","8816","2951","349","40","8"
"2019-12-08T00:00:00.000Z","4489","2278","4444","9857","7490","13427","25636","8819","2950","347","40","8"
"2019-12-09T00:00:00.000Z","4498","2288","4450","9866","7516","13454","25692","8847","2952","348","40","8"
"2019-12-10T00:00:00.000Z","4524","2304","4474","9902","7536","13484","25715","8837","2950","349","40","8"
"2019-12-11T00:00:00.000Z","4547","2309","4493","9929","7554","13535","25741","8841","2952","349","40","8"
"2019-12-12T00:00:00.000Z","4566","2326","4508","9958","7564","13560","25789","8853","2954","348","40","8"
"2019-12-13T00:00:00.000Z","4584","2336","4516","9985","7584","13553","25798","8871","2961","348","40","8"
"2019-12-14T00:00:00.000Z","4602","2345","4527","10002","7614","13585","25847","8873","2966","346","40","8"
"2019-12-15T00:00:00.000Z","4626","2352","4533","10020","7510","13360","25875","8891","2965","347","40","8"
"2019-12-16T00:00:00.000Z","4638","2357","4536","10042","7532","13396","25881","8917","2963","348","40","8"
"2019-12-17T00:00:00.000Z","4640","2368","4550","10082","7575","13400","25938","8922","2963","350","40","8"
"2019-12-18T00:00:00.000Z","4675","2375","4558","10101","7619","13445","26009","8939","2970","346","40","8"
"2019-12-19T00:00:00.000Z","4691","2383","4575","10128","7634","13471","26049","8945","2965","346","40","8"
"2019-12-20T00:00:00.000Z","4706","2396","4584","10162","7645","13505","26064","8952","2964","348","40","8"
"2019-12-21T00:00:00.000Z","4722","2403","4597","10181","7652","13544","26105","8958","2970","346","40","8"
"2019-12-22T00:00:00.000Z","4739","2407","4605","10206","7663","13567","26164","8963","2968","345","41","8"
"2019-12-23T00:00:00.000Z","4752","2422","4616","10222","7669","13556","26181","8964","2968","347","41","8"
"2019-12-24T00:00:00.000Z","4765","2427","4630","10243","7702","13579","26186","8961","2969","348","40","8"
"2019-12-25T00:00:00.000Z","4776","2431","4636","10258","7734","13602","26220","8974","2970","346","40","8"
"2019-12-26T00:00:00.000Z","4784","2437","4643","10268","7756","13661","26239","8980","2973","349","39","8"
"2019-12-27T00:00:00.000Z","4803","2446","4649","10296","7762","13688","26286","8976","2970","350","39","8"
"2019-12-28T00:00:00.000Z","4823","2450","4660","10313","7780","13722","26320","8988","2971","350","39","8"
"2019-12-29T00:00:00.000Z","4831","2452","4667","10338","7796","13778","26365","9003","2974","349","39","8"
"2019-12-30T00:00:00.000Z","4846","2456","4681","10361","7818","13812","26408","8994","2977","349","39","8"
"2019-12-31T00:00:00.000Z","4861","2459","4691","10384","7827","13863","26467","9005","2981","347","39","8"
"2020-01-01T00:00:00.000Z","4871","2466","4699","10402","7848","13884","26513","9011","2982","347","39","8"
"2020-01-02T00:00:00.000Z","4885","2480","4707","10419","7875","13916","26584","9024","2985","348","39","8"
"2020-01-03T00:00:00.000Z","4897","2485","4713","10461","7887","13954","26616","9039","2982","346","39","8"
"2020-01-04T00:00:00.000Z","4907","2490","4721","10465","7901","13982","26666","9053","2975","347","39","8"
"2020-01-05T00:00:00.000Z","4918","2496","4724","10485","7928","14040","26721","9073","2971","347","39","8"
"2020-01-06T00:00:00.000Z","4936","2504","4729","10510","7934","14099","26763","9084","2977","344","39","8"
"2020-01-07T00:00:00.000Z","4951","2507","4739","10525","7970","14183","26844","9076","2977","346","39","8"
"2020-01-08T00:00:00.000Z","4981","2522","4762","10563","7992","14276","26914","9096","2981","345","39","8"
"2020-01-09T00:00:00.000Z","5010","2543","4785","10605","7999","14235","26958","9106","2984","344","39","8"
"2020-01-10T00:00:00.000Z","5041","2565","4799","10622","8042","14283","27042","9138","2978","344","39","8"
"2020-01-11T00:00:00.000Z","5072","2579","4811","10649","8069","14338","27090","9142","2979","347","39","8"
"2020-01-12T00:00:00.000Z","5109","2585","4814","10671","8102","14409","27154","9159","2976","347","39","8"
"2020-01-13T00:00:00.000Z","5121","2591","4827","10687","8126","14460","27211","9171","2976","348","40","8"
"2020-01-14T00:00:00.000Z","5158","2610","4855","10725","8155","14564","27285","9182","2984","345","39","8"
"2020-01-15T00:00:00.000Z","5189","2625","4890","10756","8190","14652","27333","9202","2982","345","39","8"
"2020-01-16T00:00:00.000Z","5219","2634","4902","10777","8228","14716","27401","9214","2978","344","39","8"
"2020-01-17T00:00:00.000Z","5259","2651","4921","10834","8267","14706","27463","9227","2979","343","39","8"
"2020-01-18T00:00:00.000Z","5284","2665","4946","10874","8300","14782","27566","9229","2983","340","40","8"
"2020-01-19T00:00:00.000Z","5318","2676","4962","10908","8313","14867","27654","9257","2982","340","40","8"
"2020-01-20T00:00:00.000Z","5342","2684","4970","10939","8332","14940","27714","9280","2979","340","41","8"
"2020-01-21T00:00:00.000Z","5370","2701","4991","10958","8322","14837","27695","9262","2972","341","41","8"
"2020-01-22T00:00:00.000Z","5396","2714","5006","10990","8336","14924","27737","9273","2973","342","40","8"
"2020-01-23T00:00:00.000Z","5407","2734","5021","11027","8337","14953","27777","9262","2971","343","40","8"
"2020-01-24T00:00:00.000Z","5421","2748","5033","11049","8351","14989","27859","9278","2974","342","40","8"
"2020-01-25T00:00:00.000Z","5460","2763","5028","11080","8340","15042","27908","9291","2973","343","39","8"
"2020-01-26T00:00:00.000Z","5484","2777","5041","11104","8344","15103","27981","9291","2977","341","39","8"
"2020-01-27T00:00:00.000Z","5511","2788","5052","11129","8352","15153","28063","9303","2979","341","39","8"
"2020-01-28T00:00:00.000Z","5539","2801","5073","11163","8362","15225","28123","9306","2977","341","39","8"
"2020-01-29T00:00:00.000Z","5561","2817","5088","11196","8380","15288","28205","9331","2988","340","39","8"
"2020-01-30T00:00:00.000Z","5602","2827","5108","11232","8394","15330","28252","9332","2993","337","39","8"
"2020-01-31T00:00:00.000Z","5628","2840","5125","11258","8434","15312","28314","9336","2989","339","39","8"
"2020-02-01T00:00:00.000Z","5657","2851","5128","11301","8452","15401","28356","9337","2989","340","39","8"
"2020-02-02T00:00:00.000Z","5670","2871","5144","11327","8471","15506","28446","9351","2992","339","39","8"
"2020-02-03T00:00:00.000Z","5697","2881","5152","11361","8474","15561","28502","9367","2989","336","40","8"
"2020-02-04T00:00:00.000Z","5728","2894","5168","11406","8497","15672","28572","9375","2987","337","40","8"
"2020-02-05T00:00:00.000Z","5746","2907","5190","11426","8519","15765","28600","9377","2992","337","40","8"
"2020-02-06T00:00:00.000Z","5766","2918","5212","11471","8563","15847","28703","9355","2989","338","40","8"
"2020-02-07T00:00:00.000Z","5818","2936","5239","11561","8610","16031","28849","9416","2991","340","39","8"
"2020-02-08T00:00:00.000Z","5845","2956","5259","11615","8656","16133","28959","9422","3003","338","38","8"
"2020-02-09T00:00:00.000Z","5877","2977","5280","11687","8700","16238","29013","9432","2994","340","38","8"
"2020-02-10T00:00:00.000Z","5926","2994","5291","11737","8757","16373","29058","9436","2999","341","37","8"
"2020-02-11T00:00:00.000Z","5999","3031","5322","11820","8834","16610","29239","9466","3002","339","38","8"
"2020-02-12T00:00:00.000Z","6081","3068","5361","11973","8970","16612","29400","9482","3008","338","38","9"
"2020-02-13T00:00:00.000Z","6158","3088","5401","12055","8993","16670","29496","9486","2997","339","38","9"
"2020-02-14T00:00:00.000Z","6210","3109","5438","12139","9079","16853","29661","9530","2998","338","39","9"
"2020-02-15T00:00:00.000Z","6278","3148","5471","12228","9156","17076","29885","9569","2999","335","39","9"
"2020-02-16T00:00:00.000Z","6341","3175","5512","12284","9231","17352","30000","9594","2999","335","40","9"
"2020-02-17T00:00:00.000Z","6411","3195","5543","12385","9285","17314","30178","9589","2996","336","40","9"
"2020-02-18T00:00:00.000Z","6463","3221","5573","12467","9348","17455","30312","9629","2998","337","40","9"
"2020-02-19T00:00:00.000Z","6523","3246","5623","12567","9352","17578","30429","9691","2991","336","40","9"
"2020-02-20T00:00:00.000Z","6586","3266","5644","12640","9396","17629","30530","9576","2987","334","41","9"
"2020-02-21T00:00:00.000Z","6614","3286","5655","12696","9452","17753","30619","9614","2982","332","41","9"
"2020-02-22T00:00:00.000Z","6669","3310","5678","12756","9474","17852","30696","9623","2978","333","42","9"
"2020-02-23T00:00:00.000Z","6711","3328","5692","12800","9507","18000","30794","9643","2972","335","41","9"
"2020-02-24T00:00:00.000Z","6781","3352","5719","12844","9564","18100","30877","9662","2971","335","40","9"
"2020-02-25T00:00:00.000Z","6867","3367","5738","12889","9561","18184","30935","9679","2976","332","41","9"
"2020-02-26T00:00:00.000Z","6924","3389","5776","12962","9614","18282","31024","9709","2973","333","41","9"
"2020-02-27T00:00:00.000Z","6967","3416","5800","13027","9634","18445","31166","9744","2985","335","40","9"
"2020-02-28T00:00:00.000Z","7017","3436","5812","13094","9703","18523","31204","9751","2974","335","40","9"
"2020-02-29T00:00:00.000Z","7062","3459","5838","13164","9781","18677","31320","9770","2968","335","41","9"
"2020-03-01T00:00:00.000Z","7104","3475","5864","13208","9776","18730","31390","9777","2986","333","41","9"
"2020-03-02T00:00:00.000Z","7154","3496","5876","13257","9827","18602","31466","9799","2970","334","40","9"
"2020-03-03T00:00:00.000Z","7203","3516","5886","13313","9930","18763","31604","9827","2978","334","39","9"
"2020-03-04T00:00:00.000Z","7285","3538","5931","13402","9983","18888","31779","9854","2978","334","39","9"
"2020-03-05T00:00:00.000Z","7361","3563","5966","13493","10050","19125","31934","9873","2985","333","39","9"
"2020-03-06T00:00:00.000Z","7412","3591","5990","13553","10094","18989","32010","9903","2983","334","39","9"
"2020-03-07T00:00:00.000Z","7453","3604","6017","13595","10123","19046","32114","9927","2996","334","38","9"
"2020-03-08T00:00:00.000Z","7477","3622","6041","13650","10190","19171","32275","9959","3008","331","38","9"
"2020-03-09T00:00:00.000Z","7519","3632","6065","13744","10212","19275","32368","9961","3002","333","38","9"
"2020-03-10T00:00:00.000Z","7569","3646","6090","13791","10252","19416","32467","9984","3000","331","39","9"
"2020-03-11T00:00:00.000Z","7616","3660","6106","13827","10306","19453","32540","9984","2997","330","39","9"
"2020-03-12T00:00:00.000Z","7631","3685","6162","13929","10457","19657","32790","10116","2975","319","39","9"
"2020-03-13T00:00:00.000Z","7654","3721","6215","14060","10607","19905","33106","10085","2970","315","40","9"
"2020-03-14T00:00:00.000Z","7705","3738","6255","14102","10696","20041","33225","10056","2946","311","42","9"
"2020-03-15T00:00:00.000Z","7742","3759","6292","14181","10789","20152","33316","10048","2919","310","43","9"
"2020-03-16T00:00:00.000Z","7783","3784","6341","14261","10874","20282","33516","10039","2865","308","41","9"
"2020-03-17T00:00:00.000Z","7821","3799","6368","14334","10921","20392","33687","10058","2861","309","41","9"
"2020-03-18T00:00:00.000Z","7852","3810","6401","14370","10961","20492","33818","10081","2866","304","43","9"
"2020-03-19T00:00:00.000Z","7909","3845","6453","14438","10959","20689","34073","10164","2884","308","41","9"
"2020-03-20T00:00:00.000Z","7964","3869","6490","14496","10954","20622","34132","10164","2890","304","42","9"
"2020-03-21T00:00:00.000Z","8006","3881","6504","14522","10937","20547","34110","10182","2892","301","43","8"
"2020-03-22T00:00:00.000Z","8036","3893","6519","14555","10961","20657","34235","10212","2885","301","43","8"
"2020-03-23T00:00:00.000Z","8079","3907","6536","14600","11004","20763","34372","10241","2888","300","44","8"
"2020-03-24T00:00:00.000Z","8096","3931","6561","14631","11037","20923","34518","10282","2898","300","43","8"
"2020-03-25T00:00:00.000Z","8116","3950","6572","14661","11033","21060","34635","10310","2893","303","43","8"
"2020-03-26T00:00:00.000Z","8150","3961","6590","14685","11067","20919","34612","10323","2896","301","43","8"
"2020-03-27T00:00:00.000Z","8175","3960","6605","14743","11083","21054","34748","10366","2897","299","43","8"
"2020-03-28T00:00:00.000Z","8206","3971","6616","14774","11097","21148","34896","10365","2897","302","43","8"
"2020-03-29T00:00:00.000Z","8236","3988","6637","14830","11110","21252","35009","10399","2889","299","44","8"
"2020-03-30T00:00:00.000Z","8263","4003","6655","14872","11124","21318","35147","10406","2900","300","44","8"
"2020-03-31T00:00:00.000Z","8285","4020","6673","14900","11149","21433","35254","10467","2899","300","44","8"
"2020-04-01T00:00:00.000Z","8306","4027","6684","14928","11165","21531","35335","10490","2896","298","44","8"
"2020-04-02T00:00:00.000Z","8344","4040","6707","14959","11194","21637","35460","10509","2901","298","43","8"
"2020-04-03T00:00:00.000Z","8372","4050","6721","14996","11218","21717","35563","10528","2899","297","44","8"
"2020-04-04T00:00:00.000Z","8392","4057","6743","15032","11241","21640","35618","10553","2903","295","44","8"
"2020-04-05T00:00:00.000Z","8421","4061","6760","15062","11267","21715","35710","10562","2898","297","44","8"
"2020-04-06T00:00:00.000Z","8461","4069","6766","15101","11370","21820","35805","10594","2892","295","44","8"
"2020-04-07T00:00:00.000Z","8523","4086","6801","15163","11442","21968","35942","10621","2888","295","43","8"
"2020-04-08T00:00:00.000Z","8598","4105","6838","15218","11475","22093","36099","10632","2906","295","44","8"
"2020-04-09T00:00:00.000Z","8674","4135","6887","15281","11558","22336","36031","10590","2896","295","43","8"
"2020-04-10T00:00:00.000Z","8750","4160","6920","15341","11607","22480","36109","10619","2895","292","44","8"
"2020-04-11T00:00:00.000Z","8806","4171","6948","15405","11653","22398","36252","10649","2898","294","42","8"
"2020-04-12T00:00:00.000Z","8893","4191","6981","15477","11708","22593","36352","10659","2908","293","42","8"
"2020-04-13T00:00:00.000Z","8977","4210","7002","15550","11728","22751","36485","10643","2903","291","44","8"
"2020-04-14T00:00:00.000Z","9034","4221","7017","15620","11780","22924","36607","10656","2901","294","44","8"
"2020-04-15T00:00:00.000Z","9091","4235","7053","15694","11814","23069","36746","10676","2903","295","43","8"
"2020-04-16T00:00:00.000Z","9164","4247","7093","15747","11869","23212","36916","10724","2904","293","43","8"
"2020-04-17T00:00:00.000Z","9250","4263","7112","15823","11913","23356","37049","10749","2907","294","44","8"
"2020-04-18T00:00:00.000Z","9320","4294","7127","15894","11969","23560","37249","10761","2904","295","44","8"
"2020-04-19T00:00:00.000Z","9402","4314","7142","16003","12029","23709","37412","10800","2912","294","44","8"
"2020-04-20T00:00:00.000Z","9460","4344","7184","16062","12050","23861","37508","10867","2921","298","44","8"
"2020-04-21T00:00:00.000Z","9519","4358","7207","16092","12081","24043","37659","10917","2923","301","44","8"
"2020-04-22T00:00:00.000Z","9590","4386","7233","16138","12114","24214","37818","10972","2928","303","44","8"
"2020-04-23T00:00:00.000Z","9649","4410","7260","16204","12197","24424","37983","11060","2940","302","44","8"
"2020-04-24T00:00:00.000Z","9724","4438","7291","16263","12240","24624","38097","11115","2945","308","43","8"
"2020-04-25T00:00:00.000Z","9785","4454","7317","16320","12316","24806","38244","10935","2899","296","44","8"
"2020-04-26T00:00:00.000Z","9873","4470","7342","16401","12396","25004","38338","10987","2899","295","43","8"
"2020-04-27T00:00:00.000Z","9955","4486","7363","16478","12477","25147","38441","11042","2903","297","44","8"
"2020-04-28T00:00:00.000Z","9999","4505","7385","16519","12550","25320","38534","11055","2911","295","44","8"
"2020-04-29T00:00:00.000Z","10071","4530","7432","16603","12654","25517","38666","11085","2910","297","43","8"
"2020-04-30T00:00:00.000Z","10162","4550","7468","16677","12740","25742","38874","11102","2921","299","43","8"
"2020-05-01T00:00:00.000Z","10227","4581","7497","16720","12818","25981","38969","11102","2917","294","43","8"
"2020-05-02T00:00:00.000Z","10278","4604","7517","16768","12900","26146","38989","11110","2910","293","43","8"
"2020-05-03T00:00:00.000Z","10352","4624","7534","16813","12913","26314","39082","11144","2906","296","43","8"
"2020-05-04T00:00:00.000Z","10425","4649","7552","16863","12975","26475","39227","11194","2906","295","43","8"
"2020-05-05T00:00:00.000Z","10496","4665","7588","16923","13021","26644","39348","11225","2908","297","43","8"
"2020-05-06T00:00:00.000Z","10560","4693","7616","16984","13086","26827","39478","11270","2915","297","42","8"
"2020-05-07T00:00:00.000Z","10626","4715","7646","17054","13165","27079","39683","11037","2914","296","44","8"
"2020-05-08T00:00:00.000Z","10705","4751","7697","17103","13242","27371","39883","11058","2914","295","43","8"
"2020-05-09T00:00:00.000Z","10802","4788","7744","17192","13320","27646","40066","11081","2914","297","43","8"
"2020-05-10T00:00:00.000Z","10884","4829","7791","17269","13384","27886","40269","11102","2920","297","44","8"
"2020-05-11T00:00:00.000Z","10951","4857","7820","17344","13473","28153","40465","11147","2921","298","43","8"
"2020-05-12T00:00:00.000Z","11019","4885","7851","17393","13519","28380","40604","11173","2915","298","44","8"
"2020-05-13T00:00:00.000Z","11078","4906","7891","17458","13555","28565","40796","11197","2919","297","42","8"
"2020-05-14T00:00:00.000Z","11141","4927","7913","17530","13621","28770","40965","11214","2923","298","43","8"
"2020-05-15T00:00:00.000Z","11201","4956","7935","17598","13716","28989","41094","11236","2928","298","43","8"
"2020-05-16T00:00:00.000Z","11269","4982","7977","17668","13768","29191","41184","11230","2926","297","43","8"
"2020-05-17T00:00:00.000Z","11321","5004","8002","17706","13859","29369","41348","11230","2934","295","43","8"
"2020-05-18T00:00:00.000Z","11378","5036","8025","17780","13895","29595","41487","11258","2931","294","44","8"
"2020-05-19T00:00:00.000Z","11435","5067","8034","17821","13964","29780","41519","11289","2934","294","44","8"
"2020-05-20T00:00:00.000Z","11503","5089","8064","17886","14075","30041","41694","11339","2937","296","44","8"
"2020-05-21T00:00:00.000Z","11569","5117","8082","17947","14127","30218","41851","11365","2939","292","45","9"
"2020-05-22T00:00:00.000Z","11645","5144","8113","18003","14267","30416","42064","11409","2943","294","43","9"
"2020-05-23T00:00:00.000Z","11715","5161","8140","18047","14339","30596","42210","11382","2943","291","43","9"
"2020-05-24T00:00:00.000Z","11763","5178","8214","18115","14383","30780","42343","11419","2943","289","44","9"
"2020-05-25T00:00:00.000Z","11811","5196","8233","18192","14536","30926","42459","11428","2941","289","45","9"
"2020-05-26T00:00:00.000Z","11848","5219","8261","18231","14599","31085","42578","11438","2939","289","45","9"
"2020-05-27T00:00:00.000Z","11886","5235","8277","18274","14633","31232","42699","11455","2939","289","45","9"
"2020-05-28T00:00:00.000Z","11932","5257","8296","18311","14737","31372","42790","11477","2944","288","46","9"
"2020-05-29T00:00:00.000Z","12005","5283","8330","18367","14813","31475","42924","11528","2959","288","45","9"
"2020-05-30T00:00:00.000Z","12062","5304","8354","18439","14821","31530","43045","11555","2956","288","45","9"
"2020-05-31T00:00:00.000Z","12118","5328","8392","18500","14870","31666","43136","11565","2955","285","45","9"
"2020-06-01T00:00:00.000Z","12180","5355","8437","18585","14936","31816","43273","11597","2955","285","44","9"
"2020-06-02T00:00:00.000Z","12249","5388","8466","18671","15018","32011","43440","11613","2954","286","44","9"
"2020-06-03T00:00:00.000Z","12288","5406","8493","18753","15063","32137","43535","11633","2956","283","44","9"
"2020-06-04T00:00:00.000Z","12349","5418","8521","18834","15185","32274","43673","11685","2952","283","44","9"
"2020-06-05T00:00:00.000Z","12403","5440","8557","18900","15251","32417","43755","11744","2955","282","44","9"
"2020-06-06T00:00:00.000Z","12451","5459","8589","18949","15265","32578","43866","11780","2956","284","44","9"
"2020-06-07T00:00:00.000Z","12512","5478","8616","19008","15308","32694","43972","11790","2955","284","44","9"
"2020-06-08T00:00:00.000Z","12565","5497","8663","19102","15327","32847","44125","11814","2955","285","43","9"
"2020-06-09T00:00:00.000Z","12630","5516","8689","19162","15377","33018","44279","11816","2961","284","43","9"
"2020-06-10T00:00:00.000Z","12708","5534","8717","19239","15424","33185","44421","11829","2965","284","44","9"
"2020-06-11T00:00:00.000Z","12785","5564","8750","19322","15448","33401","44588","11846","2964","283","45","9"
"2020-06-12T00:00:00.000Z","12824","5578","8783","19381","15534","33553","44769","11873","2967","283","46","9"
"2020-06-13T00:00:00.000Z","12875","5597","8813","19448","15543","33682","44884","11891","2973","283","46","9"
"2020-06-14T00:00:00.000Z","12915","5623","8840","19499","15592","33752","44955","11894","2973","282","46","9"
"2020-06-15T00:00:00.000Z","12953","5637","8872","19549","15630","33911","45112","11966","2984","282","45","9"
"2020-06-16T00:00:00.000Z","13006","5655","8901","19593","15639","34040","45279","11970","2982","282","45","9"
"2020-06-17T00:00:00.000Z","13042","5669","8923","19630","15653","34128","45325","11981","2980","280","45","9"
"2020-06-18T00:00:00.000Z","13086","5688","8948","19688","15697","34270","45431","11996","2976","282","45","9"
"2020-06-19T00:00:00.000Z","13125","5708","8982","19746","15718","34414","45538","12059","2973","283","45","9"
"2020-06-20T00:00:00.000Z","13164","5720","9017","19809","15792","34228","45649","12099","2967","281","46","9"
"2020-06-21T00:00:00.000Z","13202","5738","9040","19889","15820","34297","45729","12124","2958","282","46","9"
"2020-06-22T00:00:00.000Z","13243","5754","9077","19965","15884","34444","45838","12178","2962","281","45","9"
"2020-06-23T00:00:00.000Z","13294","5777","9137","20075","16023","34671","46080","12231","2962","286","44","9"
"2020-06-24T00:00:00.000Z","13361","5803","9185","20185","16131","34858","46233","12230","2947","295","45","9"
"2020-06-25T00:00:00.000Z","13428","5822","9218","20262","16198","34972","46422","12266","2953","294","45","9"
"2020-06-26T00:00:00.000Z","13502","5839","9248","20347","16237","35095","46583","12275","2955","293","45","9"
"2020-06-27T00:00:00.000Z","13582","5863","9276","20472","16260","35217","46662","12323","2952","296","44","9"
"2020-06-28T00:00:00.000Z","13735","5882","9309","20566","16283","35373","46772","12357","2951","293","44","9"
"2020-06-29T00:00:00.000Z","13769","5899","9333","20633","16352","35532","46928","12382","2948","292","44","9"
"2020-06-30T00:00:00.000Z","13807","5917","9368","20729","16406","35690","47027","12438","2960","290","44","9"
"2020-07-01T00:00:00.000Z","13865","5942","9381","20816","15998","34931","47144","12454","2960","289","44","9"
"2020-07-02T00:00:00.000Z","13926","5954","9410","20884","16025","35072","47273","12489","2962","288","44","9"
"2020-07-03T00:00:00.000Z","13983","5974","9441","20954","16075","35242","47401","12510","2959","286","44","9"
"2020-07-04T00:00:00.000Z","14047","5989","9458","21026","16095","35269","42554","12292","2964","286","45","9"
"2020-07-05T00:00:00.000Z","14094","6006","9478","21090","16129","35404","42644","12318","2964","284","45","9"
"2020-07-06T00:00:00.000Z","14265","6028","9524","21142","16135","35579","42780","12334","2965","284","45","9"
"2020-07-07T00:00:00.000Z","14405","6074","9610","21332","16275","35867","42986","12306","2961","286","43","9"
"2020-07-08T00:00:00.000Z","14553","6153","9743","21788","16466","36241","43272","12316","2955","285","44","9"
"2020-07-09T00:00:00.000Z","14647","6198","9838","22127","16628","36473","43304","12338","2941","284","46","8"
"2020-07-10T00:00:00.000Z","14721","6232","9893","22327","16713","36675","43494","12364","2945","283","47","8"
"2020-07-11T00:00:00.000Z","14811","6252","9935","22495","16178","36836","43652","12399","2942","283","48","8"
"2020-07-12T00:00:00.000Z","14942","6270","10016","22743","16033","37043","43915","12444","2953","281","48","8"
"2020-07-13T00:00:00.000Z","15153","6329","10201","23228","16509","37667","44174","12412","2928","281","46","8"
"2020-07-14T00:00:00.000Z","15350","6373","10310","23491","16804","37586","44297","12390","2926","282","47","8"
"2020-07-15T00:00:00.000Z","15552","6433","10469","23871","17159","38265","44592","12485","2934","278","47","8"
"2020-07-16T00:00:00.000Z","15698","6493","10592","24157","17424","38755","44802","12501","2935","278","48","8"
"2020-07-17T00:00:00.000Z","15807","6547","10700","24432","17578","39060","44904","12506","2919","278","48","8"
"2020-07-18T00:00:00.000Z","15919","6591","10819","24623","17712","39326","44847","12411","2908","276","48","8"
"2020-07-19T00:00:00.000Z","16009","6617","10899","24825","17855","39579","44943","12415","2914","275","48","8"
"2020-07-20T00:00:00.000Z","16116","6646","10964","25026","17990","39875","45035","12400","2912","277","48","8"
"2020-07-21T00:00:00.000Z","16187","6675","11062","25205","18132","40121","45232","12372","2900","276","49","8"
"2020-07-22T00:00:00.000Z","16265","6702","11138","25335","17283","40303","45369","12427","2898","277","49","8"
"2020-07-23T00:00:00.000Z","16383","6722","11188","25525","17458","40626","45600","12488","2903","275","49","8"
"2020-07-24T00:00:00.000Z","16472","6734","11230","25691","17567","40852","45696","12472","2905","278","48","8"
"2020-07-25T00:00:00.000Z","16574","6744","11276","18457","17524","41102","45828","12508","2908","276","50","8"
"2020-07-26T00:00:00.000Z","16651","6766","11329","18669","17659","41281","45878","12487","2901","276","51","8"
"2020-07-27T00:00:00.000Z","16771","6809","11443","18963","17814","41433","45908","12459","2901","276","51","8"
"2020-07-28T00:00:00.000Z","16847","6839","11531","19157","17965","41703","46119","12453","2885","274","51","8"
"2020-07-29T00:00:00.000Z","16917","6863","11587","19329","18105","41909","46246","12445","2885","272","51","8"
"2020-07-30T00:00:00.000Z","16948","6889","11632","19491","18222","42114","46386","12470","2884","273","51","8"
"2020-07-31T00:00:00.000Z","17025","6917","11679","19633","18352","42417","46576","12517","2885","275","50","8"
"2020-08-01T00:00:00.000Z","17096","6934","11740","19788","18510","42725","46745","12588","2894","273","50","8"
"2020-08-02T00:00:00.000Z","17198","6968","11793","19136","18663","43030","46982","12621","2894","271","50","8"
"2020-08-03T00:00:00.000Z","17272","7001","11852","19323","18852","43329","47106","12619","2898","271","50","8"
"2020-08-04T00:00:00.000Z","17390","7036","11971","19648","19334","43729","47440","12624","2896","272","50","8"
"2020-08-05T00:00:00.000Z","17504","7063","12044","19863","19565","44092","47635","12679","2902","271","49","8"
"2020-08-06T00:00:00.000Z","17629","7109","12084","20038","19746","44440","47815","12726","2910","271","49","8"
"2020-08-07T00:00:00.000Z","17778","7148","12167","20332","19966","44849","48023","12764","2902","277","50","8"
"2020-08-08T00:00:00.000Z","17988","7225","12319","20632","20464","45679","40948","12888","2878","279","50","8"
"2020-08-09T00:00:00.000Z","18343","7302","12526","21199","21179","46635","41315","12907","2886","269","50","8"
"2020-08-10T00:00:00.000Z","18590","7376","12698","21634","21724","47369","41482","12879","2870","273","49","8"
"2020-08-11T00:00:00.000Z","18763","7441","12822","21907","22130","47829","40601","12824","2860","272","50","8"
"2020-08-12T00:00:00.000Z","18826","7676","13005","22357","22808","49058","41036","12781","2862","273","48","8"
"2020-08-13T00:00:00.000Z","19048","7975","13251","23008","23852","50657","42157","12828","2863","270","49","9"
"2020-08-14T00:00:00.000Z","","","","","","","","","","","",""
"2020-08-15T00:00:00.000Z","","","","","","","","","","","",""
"2020-08-16T00:00:00.000Z","","","","","","","","","","","",""
"2020-08-17T00:00:00.000Z","","","","","","","","","","","",""
"2020-08-18T00:00:00.000Z","","","","","","","","","","","",""
"2020-08-19T00:00:00.000Z","","","","","","","","","","","",""