datetime,Volume in USD,open,high,low,close
2020-07-31,172404486.8918551,7.41809072359,7.83040389858,7.41809072,7.77291238
2020-07-30,167135815.22918743,7.10793748662,7.5508303044,7.04704044,7.41699155
2020-07-29,144430574.02401546,7.22037702782,7.46813984611,7.03734297,7.11608294
2020-07-28,178276860.33533564,7.0934177588,7.3851379999999995,6.9516292888999995,7.22346045
2020-07-27,358774017.9543817,7.46709871924,7.46709872,6.58350803,7.0955831
2020-07-26,189030519.58988374,7.65083733622,7.8969572,7.33824252,7.49900484
2020-07-25,123108136.11480604,7.43127513663,7.76949217,7.41186116,7.65782354
2020-07-24,117765180.80856383,7.8773307826,7.89611572,7.40788751562,7.43215277
2020-07-23,214308762.0641287,7.45227539659,8.03155887,7.42285043,7.87447715
2020-07-22,182736131.5377109,7.282578224,7.58905961,7.1022777,7.46697514
2020-07-21,207238394.75897935,7.25339976083,7.64057181,7.06152983,7.28157682
2020-07-20,207792551.4438816,8.06967209239,8.10698072,7.24471013,7.2729828
2020-07-19,132019619.18365936,7.95204586754,8.1670286,7.80819312728,8.06518999
2020-07-18,228640196.81872433,8.2688150295,8.2688150295,7.79344958,7.95927977
2020-07-17,171091061.3078192,8.37644648,8.55090935858,8.21657201,8.28039298
2020-07-16,393114071.4972872,8.64042980967,8.75488067,8.05315886,8.33770628
2020-07-15,446505400.09722126,8.09608379979,8.74196262203,7.8641148265,8.64312279
2020-07-14,478210891.39996773,7.17394195655,8.25062985599,7.0424549,8.10346502
2020-07-13,652592690.6203125,7.30674115179,8.23371698596,6.97627090282,7.18229114
2020-07-12,350475769.8806395,6.11008289997,7.30918344,6.11008289997,7.30918344
2020-07-11,79019520.65503083,6.15327014,6.2406913212,6.00269083692,6.11968689
2020-07-10,143218669.75735122,6.10614182,6.16894717,5.75206929,6.13847502
2020-07-09,198938978.40341356,6.46751011,6.46751011,5.79993741,6.10431068
2020-07-08,313390943.68648535,5.72093901,6.4915921593,5.63768097,6.47572487
2020-07-07,208979559.3854109,5.34443142,5.85658084465,5.32995469,5.7128167
2020-07-06,158576767.408994,4.74269169477,5.38531604759,4.7379093152100005,5.36505325
2020-07-05,38457730.59427408,4.79695295404,4.83525702943,4.64728236872,4.74216976
2020-07-04,30912620.654655,4.73928683,4.84911284491,4.72237174,4.80455775
2020-07-03,54490665.257702574,4.84085989,4.90664120957,4.73416852,4.74328060203
2020-07-02,84506432.42643358,4.71490258,4.9126227700000005,4.67060767,4.84500392137
2020-07-01,40864684.490976445,4.57802087595,4.74047925337,4.53105401688,4.70151175404
2020-06-30,27547529.916117597,4.61960753,4.66807193,4.55408562,4.56918885
2020-06-29,44993019.3495663,4.56697561013,4.652367,4.4487809,4.61792962
2020-06-28,48003791.942829594,4.42982121137,4.62665502,4.38685512,4.5634833
2020-06-27,65013365.213346235,4.67732008,4.6948411100000005,4.37335033504,4.42655159
2020-06-26,56465912.0087028,4.81128474,4.85655816,4.66336549267,4.68080532
2020-06-25,85287892.51491073,4.71401348347,4.82443074465,4.5473699199999995,4.81104667727
2020-06-24,115830591.81226972,4.81640089,4.93388413816,4.54730573203,4.71901691
2020-06-23,155635984.17569315,4.46826719035,4.94150621361,4.40752135,4.80625153
2020-06-22,60784359.86695072,4.18572873,4.47036069,4.18572873,4.46793424
2020-06-21,16120509.238584159,4.19132400774,4.20981561,4.15377113,4.18914952
2020-06-20,33519120.418014,4.07730494004,4.21130474,4.05273184,4.17076968
2020-06-19,26304775.27094637,4.16674842354,4.18811189,4.05409127913,4.07996193
2020-06-18,38813273.94838592,4.1636517987,4.23352500195,4.11867419067,4.16898037
2020-06-17,44406854.0341998,4.04811694877,4.17007241,3.99664194,4.1636694
2020-06-16,34713836.0417812,3.9300500832700003,4.08400385726,3.90378326286,4.04871403
2020-06-15,67148084.49627125,3.95715111791,3.99321134,3.67960051,3.9339029500000002
2020-06-14,19678824.65903454,4.11649954,4.11649954,3.95501319,3.95501319
2020-06-13,18124938.294679023,4.09285566372,4.12062192,4.02268851,4.11465273
2020-06-12,48277270.93498056,3.9431944,4.17523684,3.8959690399999998,4.09094191
2020-06-11,69940921.01105246,4.42334897299,4.45502228,3.93839159282,3.97633543109
2020-06-10,31315938.68462514,4.45134749,4.45134749,4.33941596,4.42030134
2020-06-09,30411702.84700422,4.46987796,4.48320132,4.38717731,4.45014881
2020-06-08,25384922.7281846,4.35048984726,4.45924294493,4.32946349237,4.45924294493
2020-06-07,25310899.29621344,4.34444193,4.40047713462,4.24173593,4.34993312
2020-06-06,16139307.977608481,4.36855328006,4.40237788,4.33100217,4.34262346
2020-06-05,25648473.46977096,4.43271578807,4.48698497,4.35922737,4.37743734
2020-06-04,37437591.08962821,4.48903096,4.50538519006,4.31883181,4.43301963
2020-06-03,47364527.13877797,4.39026969,4.53417709,4.32145870292,4.49072943
2020-06-02,89008652.22950998,4.38490707433,4.60659893,4.2405902,4.38683383
2020-06-01,95922381.68139231,4.12817134,4.46565385,4.12817134,4.38064232
2020-05-31,60597963.85131891,4.16902652738,4.25689880786,4.06385286,4.13230192235
2020-05-30,42917921.70958032,3.98716450281,4.16844942,3.94850095,4.16844942
2020-05-29,45462718.29501974,4.03249261,4.09937468,3.95908368,3.98659426
2020-05-28,39173673.109475516,3.85491741,4.03584621,3.84106961,4.02535056
2020-05-27,35759500.84487716,3.83863668,3.91905376,3.8173388932,3.85770281
2020-05-26,33033145.23243918,3.8672338917999998,3.87974646327,3.78855217,3.83627742
2020-05-25,39082607.93004104,3.81395312169,3.89876811,3.8051413800000002,3.86993336
2020-05-24,50450261.36890532,3.94296433,4.02209859,3.83632223,3.83632223
2020-05-23,53074059.17436738,4.06973866,4.09715039081,3.92633037082,3.95506071
2020-05-22,67734325.49245524,3.84413826771,4.11873365,3.81526763,4.07028234
2020-05-21,89173789.7276944,4.07593239803,4.14801283446,3.77031165129,3.84775124
2020-05-20,104751384.34040125,3.9223258147599998,4.11809213,3.9223258147599998,4.07104932
2020-05-19,36178071.13442085,3.88831112855,3.92247645,3.79507218,3.92247645
2020-05-18,57397151.430014215,3.78227615,3.94051241208,3.78227615,3.88534597
2020-05-17,38129715.35950956,3.75984375178,3.83857698,3.7573041664,3.78432946
2020-05-16,38375277.93371244,3.6709102099999997,3.78424778,3.6301544416500002,3.76009466
2020-05-15,48831917.92125364,3.8006485026,3.83719168608,3.65057683809,3.6746531300000003
2020-05-14,66450014.30861235,3.7609757374,3.8485541127,3.70460063,3.79938705
2020-05-13,53070408.95074906,3.6884590213,3.80093098925,3.66845049,3.76042427
2020-05-12,60792363.64256055,3.57815839592,3.79063417599,3.55962867,3.69237351
2020-05-11,107823329.5915944,3.76091401115,3.82283441,3.41385008,3.58506515
2020-05-10,163023631.53460088,4.02521455,4.02521455,3.60076326,3.7613252900000003
2020-05-09,168105911.59279317,3.81857399955,4.17484367,3.80137634956,4.0373559153
2020-05-08,79197129.38996084,3.7530157919400002,3.8549659849199998,3.7067946000000003,3.82210863
2020-05-07,89079935.83505376,3.63766006375,3.83007572241,3.57810007,3.75401776
2020-05-06,49663805.32809575,3.68529700307,3.76397113158,3.63645775,3.63645775
2020-05-05,37528784.34077145,3.78477347,3.80062749384,3.67852784608,3.68769293
2020-05-04,83741190.98270695,3.72001441573,3.82200674,3.54010604,3.76790041
2020-05-03,47398424.73680496,3.8244166842,3.86686058,3.66834497,3.72216936
2020-05-02,39008779.91622679,3.78399418508,3.86751878745,3.76922017,3.82218269
2020-05-01,70086375.649089,3.71909949407,3.91173129044,3.71909949407,3.7831845
2020-04-30,110338933.63838619,3.9028544156700002,3.95999549,3.68666416879,3.72047673
2020-04-29,133902917.84988801,3.67072969018,3.96384497198,3.64783468,3.90606859
2020-04-28,56816115.74089326,3.64549393661,3.73389607,3.59882366501,3.67532463
2020-04-27,87695601.63623427,3.72262392807,3.74260983,3.49839591,3.64189852
2020-04-26,70201592.94812703,3.8023792800000003,3.83033726664,3.69888869,3.7167778399999998
2020-04-25,47608778.08494256,3.8005342,3.88645547155,3.77848826384,3.80308828
2020-04-24,59396982.894357786,3.7377068247,3.89238388422,3.7377068247,3.80456256161
2020-04-23,92837610.7226738,3.67874417989,3.8186437965,3.63549736511,3.72501039
2020-04-22,72119135.80586666,3.47786500085,3.69372671646,3.46297448,3.67881461
2020-04-21,80283650.53420089,3.45598915426,3.57741772902,3.43695289772,3.47627879
2020-04-20,125204434.07902206,3.63778539134,3.78201036951,3.43572089883,3.45832739
2020-04-19,105605107.79323423,3.78114347516,3.8051357599999998,3.59250086,3.63756829
2020-04-18,108153441.41372359,3.48376911,3.80048572,3.47918233396,3.78345863
2020-04-17,76747248.78393374,3.48137701,3.52468449974,3.4116050278,3.47704575
2020-04-16,150486519.28621036,3.10002565377,3.5124193138699997,3.02588029,3.47483102868
2020-04-15,87275169.65639485,3.22890371,3.30620201841,3.12901549,3.12901549
2020-04-14,107515999.23321112,3.37317399753,3.43815414984,3.23080530572,3.24069341222
2020-04-13,175177368.4924177,3.44048912541,3.44605529,3.30796706533,3.36980461
2020-04-12,204533111.3506693,3.28806587736,3.58992097,3.18614057,3.46261159
2020-04-11,182353676.85589543,3.23609557259,3.42474634925,3.08901777615,3.28231322
2020-04-10,255396795.4656888,3.32431642,3.32745323038,2.97540406077,3.21709971
2020-04-09,232844660.4732822,3.15063186,3.4436943512,3.13578068,3.32221456915
2020-04-08,165380832.28714728,2.7218085693600003,3.24049803,2.7146442568299998,3.13904086
2020-04-07,170115833.7042874,2.53521768,2.86808654,2.53521768,2.71798532
2020-04-06,65647624.56170193,2.2781219035599998,2.5156885,2.27785027,2.51341431
2020-04-05,15146142.554616962,2.325268,2.32601609256,2.26320427,2.27732502
2020-04-04,27639464.128855042,2.30397413405,2.32632678,2.27144894,2.3262131200000002
2020-04-03,36536797.29165695,2.30052307,2.3788240800000002,2.28705467,2.30506691
2020-04-02,58060158.831578396,2.28321436842,2.38752901,2.26634851,2.3017092
2020-04-01,59921886.7168185,2.28062334,2.2939798425199998,2.16149771,2.2782597
2020-03-31,43054456.42173403,2.14620207808,2.27546682226,2.12332001887,2.27034353
2020-03-30,36402151.746421516,2.0258035,2.1822319,2.01548033163,2.15332009
2020-03-29,28460031.389620867,2.1367501,2.15138502,2.02447640355,2.02516823
2020-03-28,46577014.846389726,2.17828578304,2.17828578304,2.0665473,2.13671106
2020-03-27,39880574.85081217,2.30453808,2.33562816,2.17497064,2.17497064
2020-03-26,35627530.078110956,2.25984778862,2.29513768,2.22895523458,2.29513768
2020-03-25,48925790.678876586,2.31326057409,2.32674692,2.21682886381,2.25967506
2020-03-24,81057097.18654911,2.23499743951,2.35865194184,2.19989346698,2.30789666
2020-03-23,100424001.9995355,1.99263757647,2.2377927,1.94943543914,2.2377927
2020-03-22,82662316.799519,2.27407279553,2.31480075,1.96413531319,1.98886538
2020-03-21,77503518.7225312,2.25815861441,2.33106773,2.12999086503,2.27161538
2020-03-20,170612095.94763327,2.253060112,2.5975966014000003,2.0948016799999998,2.24790017
2020-03-19,153790324.1228246,1.89982630363,2.34381353645,1.88340661,2.24666629
2020-03-18,82888309.69892272,1.8392286442099999,1.90487588,1.78835821,1.88770024
2020-03-17,118699783.94519,1.7807062781,2.04624090908,1.75712646213,1.842805
2020-03-16,172624661.99743298,2.10585782032,2.10585782032,1.59966610416,1.77987702
2020-03-15,101895409.0446888,2.14363097487,2.3412548,2.05002875218,2.10921103
2020-03-14,94620503.49604927,2.42585691977,2.50060467,2.10145555,2.14351763
2020-03-13,347446599.6934744,2.0892267,2.71125449238,1.50686783,2.42113454
2020-03-12,309606458.082479,3.82562583767,3.83406802,1.96829263,2.06342105624
2020-03-11,144513301.39233035,4.08752107038,4.10682811985,3.61041682,3.81751671
2020-03-10,141877795.39492765,4.10284344126,4.2032,3.95245002,4.08493172
2020-03-09,258331148.34568858,4.11982778524,4.33881163,3.6761382722600002,4.06391531
2020-03-08,178282300.89170477,4.33234201,4.43200635283,3.90928078,4.08967065
2020-03-07,94122263.0916015,4.67475055579,4.67899424147,4.34052383,4.34459305
2020-03-06,88316709.94929217,4.71826588243,4.74380955,4.57016621906,4.67849758
2020-03-05,145760755.0925853,4.65358873684,4.88531472,4.64393990549,4.72125439
2020-03-04,221061015.18712148,4.59413467506,4.94843467,4.57726999938,4.64487142
2020-03-03,182279418.16320017,4.21584058767,4.64782598,4.15610181,4.58363194
2020-03-02,120266254.41904153,3.86867694978,4.30965872,3.83206702,4.21500712
2020-03-01,121534222.19430993,4.09846852,4.20423703,3.81050267,3.87953259
2020-02-29,119130072.7851617,4.17298987652,4.35139967,4.1085409,4.1085409
2020-02-28,158574523.14063382,3.94233640378,4.19926149,3.78872501,4.16191001
2020-02-27,173919166.0851766,3.57392779931,4.1097446275,3.45867820817,3.94859523
2020-02-26,183115629.28286266,3.50093477055,3.8260789702,3.34066914,3.60072471
2020-02-25,104300308.14004256,3.91534311672,3.95299393,3.5131040799999997,3.5131040799999997
2020-02-24,81413654.15909153,4.23112457,4.2688983391,3.82549206,3.91367262
2020-02-23,57725617.102796584,4.1074588399,4.35618314,4.08762881,4.24132971284
2020-02-22,65103811.60570531,4.27945139,4.33569183,4.06970782,4.10293721
2020-02-21,80882494.23897138,4.27254923,4.48215155744,4.21217656139,4.29408261697
2020-02-20,117573279.96291804,4.38640647,4.45808662393,4.12858326557,4.27136868
2020-02-19,123151176.10782479,4.54817599742,4.81628662279,4.36323018881,4.4013259
2020-02-18,141862689.970929,4.29766560724,4.58648515197,4.15808204,4.54379655
2020-02-17,202109785.13506538,4.48331748512,4.54565646184,3.88699355234,4.29700866
2020-02-16,251601402.4692352,4.29889106269,4.8309791,4.17875862,4.50417141
2020-02-15,187898090.0044849,4.4172618,4.60699622022,4.12238516,4.30466068
2020-02-14,144162850.39862388,3.87765056,4.46794845549,3.81393912,4.41437329
2020-02-13,98830324.56697708,4.01480885,4.09156529,3.77364885,3.87510770678
2020-02-12,183051184.93487537,4.00566075,4.19423282,3.86882614826,4.01729210708
2020-02-11,149335898.100545,3.40111909,3.97555867081,3.3579994,3.97555867
2020-02-10,60368873.634951994,3.48499488652,3.48499488652,3.29325640752,3.4108350094
2020-02-09,66936610.59194814,3.41055773315,3.47731287,3.27160844,3.47731287
2020-02-08,97370435.92385648,3.32343725,3.45172804256,3.15312390211,3.41445737
2020-02-07,143480000.1380424,2.88355245376,3.34903762,2.88355245376,3.3085318
2020-02-06,34677211.1302764,2.84607903,2.92970563233,2.810487,2.8846819
2020-02-05,37035240.86963676,2.7409153,2.87431878,2.73070111,2.8452501203000002
2020-02-04,29236648.23547389,2.7718025600000002,2.79946353012,2.68693773012,2.74007230679
2020-02-03,22421838.266954485,2.8312539775000003,2.86296889,2.75812128,2.7746774475400002
2020-02-02,23964638.799044788,2.83948891049,2.89239998,2.73974346471,2.83258143
2020-02-01,21866650.9253648,2.82436273396,2.87288239,2.75541887949,2.8389531999999997
2020-01-31,31556173.52921796,2.91478879908,2.9147888,2.7829208041699998,2.82379137
2020-01-30,51841354.28810688,2.78124401,2.93719772422,2.72433495674,2.91298812
2020-01-29,39172376.43832275,2.65957268,2.8109162899999998,2.64805923543,2.78240467989
2020-01-28,23145218.36401437,2.612556,2.66738507069,2.60013781,2.65560997495
2020-01-27,24892136.800443113,2.57390585543,2.67670743363,2.57390585543,2.60965199
2020-01-26,14443090.381602181,2.45127939792,2.57270108113,2.4375823307899998,2.57158166
2020-01-25,13519499.78654336,2.5071269000000003,2.51165347,2.42891725,2.45652584
2020-01-24,27286536.92552124,2.4646823299,2.52990845327,2.37550479339,2.50438961
2020-01-23,35176625.64609138,2.64652197301,2.64882529529,2.43739411,2.46210877
2020-01-22,13855908.95669598,2.6772967100000002,2.68486049,2.62606312746,2.64558174
2020-01-21,26428312.71038485,2.6924054699999997,2.73466674081,2.58494916,2.6780334856
2020-01-20,31534876.341157842,2.62403551,2.73743442119,2.5541384000000003,2.69729864
2020-01-19,46071990.76663694,2.77622151,2.83699289,2.55874655528,2.61895081
2020-01-18,40943599.62330449,2.6969429700000003,2.78857479303,2.61220129,2.77640722606
2020-01-17,101934567.79559405,2.49530326,2.8306495933,2.46712315,2.72410907
2020-01-16,41005138.8355745,2.40405218365,2.50026081567,2.29782174,2.48447858
2020-01-15,51205744.08467546,2.37194864,2.56721926,2.36268672981,2.40497726
2020-01-14,52176144.20785718,2.19035848,2.45069671687,2.18193026,2.38350769482
2020-01-13,16099600.927731302,2.2376103,2.24049838356,2.16421794,2.19245327
2020-01-12,18754865.53976518,2.27830959964,2.31045996,2.22688561302,2.24389159273
2020-01-11,33422849.700840037,2.22269884306,2.33492205,2.22269884306,2.28324698
2020-01-10,37524192.08413998,2.19697798043,2.25864421,2.16184505,2.22395934
2020-01-09,37535129.699793875,2.18644643276,2.2326946889,2.11458561,2.1860488399999998
2020-01-08,85334872.79403244,2.11122896,2.32842251191,2.10991546,2.18360578
2020-01-07,48231533.13509325,1.9389975047,2.12383856,1.90626795245,2.11311871315
2020-01-06,19785644.676791146,1.80865659497,1.93767123984,1.80865659497,1.9367822639
2020-01-05,9669300.611706123,1.8416022060600001,1.85480338417,1.8044574470299999,1.8089814308199998
2020-01-04,8923716.51660991,1.80866260621,1.8498715856899999,1.79023059882,1.83887879162
2020-01-03,9970131.475307424,1.74180706925,1.82580018244,1.7140169644299998,1.81099747323
2020-01-02,8266271.007689731,1.8076675932500001,1.8134808707,1.72165803478,1.74114365074
2020-01-01,8249614.377094682,1.76900795006,1.8509351778699998,1.76401728416,1.80534660929
2019-12-31,9751474.331970038,1.83777373931,1.84027786227,1.76317367546,1.76965005098
2019-12-30,6148122.117950211,1.8984752656400001,1.9056351660300002,1.83207128516,1.84014908801
2019-12-29,9082411.295756945,1.87781877847,1.91889480655,1.86015235328,1.90267256529
2019-12-28,7433352.865688194,1.88657304557,1.90855041612,1.87024679075,1.87433756185
2019-12-27,14866289.38823322,1.86075469203,1.9458124516500002,1.85428605675,1.88818319418
2019-12-26,14633782.06536551,1.80464269447,1.94012277711,1.7874858920499999,1.86600831305
2019-12-25,8674840.10706561,1.85928441561,1.85928441561,1.78858994538,1.80817185913
2019-12-24,10801877.683134759,1.87755255597,1.8857580888,1.8353219270699999,1.86062190521
2019-12-23,14389218.33873061,1.93461986276,1.9561076843,1.86173969078,1.87715833911
2019-12-22,13581305.86284367,1.8746125175300001,1.94452713271,1.87175562016,1.93722453552
2019-12-21,12808324.244809793,1.92402791833,1.92830628298,1.87266622975,1.87273150082
2019-12-20,23642658.520049796,1.82143625356,1.92382654244,1.8026252567799999,1.92382654244
2019-12-19,28514566.138808846,1.88046090843,1.88834422191,1.7480713033200002,1.82026582853
2019-12-18,40091742.93632202,1.74835735789,1.88117395243,1.6575741608899999,1.88117395243
2019-12-17,36884409.399718754,1.98277172394,2.0060239346,1.72549787165,1.74583573052
2019-12-16,15534100.77263671,2.08675847256,2.08675847256,1.97733942842,1.98247722701
2019-12-15,18146809.440592103,2.00923620802,2.11845254958,1.98360276175,2.0868401698
2019-12-14,12105883.126376038,2.07772104367,2.09398534512,1.9925026104399999,2.01056397086
2019-12-13,15890330.647578923,2.11947159339,2.13052475865,2.0737256676,2.07732354361
2019-12-12,32317280.30610555,2.17918500972,2.19445037589,2.05834078592,2.11907129302
2019-12-11,36158907.86685791,2.27514138044,2.29550053829,2.15594461474,2.1759608678
2019-12-10,90019942.91109447,2.09290420074,2.27645479531,2.06747645549,2.27065695432
2019-12-09,18316037.54078505,2.05738008983,2.09261668504,2.0230212475,2.09103155718
2019-12-08,13591682.667170106,2.06069981087,2.09116595464,2.02866155106,2.05820823084
2019-12-07,16136505.533099784,2.09656274999,2.10774410088,2.05488977487,2.06119202464
2019-12-06,24845385.15795473,2.02537034395,2.10438040046,1.98842905601,2.09244189683
2019-12-05,33615676.23664898,2.04032683543,2.10508036256,1.97276482722,2.02580749308
2019-12-04,34506995.384194806,2.13048389566,2.13448044433,2.01911162517,2.0486519358
2019-12-03,22504198.527345646,2.09482629054,2.19298454294,2.05054651265,2.12998516646
2019-12-02,22419625.69171957,2.16744735386,2.17490209975,2.06531635664,2.09497572065
2019-12-01,20011786.878585264,2.2411532044699998,2.2411532044699998,2.1417420758,2.16713155432
2019-11-30,15875757.451314019,2.34224644162,2.35649006476,2.21651386917,2.24207609749
2019-11-29,26465760.018271487,2.27847527397,2.3616702401,2.26966980503,2.34262031338
2019-11-28,35161194.86572389,2.2312708303,2.32704376846,2.19327563479,2.27192513303
2019-11-27,46428174.21404039,2.25952736779,2.28741266754,2.13969947008,2.22916582871
2019-11-26,45861551.80832176,2.26675586439,2.35630578901,2.17989283915,2.27642836248
2019-11-25,49584539.56310858,2.26183422546,2.37922482562,2.05664761406,2.27506513547
2019-11-24,28863868.146266714,2.4508268891,2.45846021249,2.25579032826,2.25579032826
2019-11-23,35112906.293307915,2.3514584473299998,2.4608641027,2.2738791983,2.44742420641
2019-11-22,68711312.83592097,2.5504166490899998,2.5891868263299997,2.17228977039,2.35186487704
2019-11-21,34724951.51241811,2.71151086239,2.71232725441,2.48555404662,2.54966748269
2019-11-20,40436848.8547361,2.7591102063,2.83131630466,2.66157990931,2.70826636514
2019-11-19,42849451.570908435,2.82480955562,2.86041308711,2.6152040101200003,2.75657045636
2019-11-18,34964419.505884334,2.93233327934,2.97867774668,2.77000490571,2.8266100025
2019-11-17,20559612.14480016,3.00428828038,3.00428828038,2.90424164704,2.93189130019
2019-11-16,26237259.084240865,3.03679637617,3.04705179683,2.93845875544,3.01033132068
2019-11-15,63076531.66027693,3.06545627667,3.08441378086,2.8707350587500002,3.0351522806
2019-11-14,83110643.21126477,3.01581939736,3.1782522004900002,2.95766123754,3.06303569628
2019-11-13,70517943.53251162,2.81433396047,3.06705271258,2.79111528507,3.0189696114
2019-11-12,34997096.254564576,2.74946762207,2.86515939303,2.74315630206,2.81781138651
2019-11-11,21294514.049941685,2.78253577289,2.78253577289,2.69069710515,2.750325933
2019-11-10,29139453.818305384,2.80750547933,2.847332684,2.74191183988,2.78264568849
2019-11-09,47771730.05507004,2.7159445398799997,2.85696043885,2.71569590534,2.8035117014099997
2019-11-08,31544682.66472966,2.69020066438,2.72991469323,2.64344222847,2.71664107869
2019-11-07,26439399.22310575,2.7411702636,2.74833459889,2.63239282418,2.6907416055
2019-11-06,29573933.740694363,2.6825445273,2.80955078675,2.65801334279,2.74021515571
2019-11-05,20232961.737201113,2.68361458457,2.69993974299,2.64259731122,2.6826620439
2019-11-04,23121598.824933928,2.67019012148,2.7284656161900003,2.6482076063299997,2.68675194325
2019-11-03,16881711.80445347,2.71622219581,2.71938932653,2.6471361672800002,2.67179782436
2019-11-02,20415537.450870007,2.71775924669,2.75684456209,2.69104048024,2.71036613087
2019-11-01,37423609.50823918,2.7402497256,2.79513946523,2.66252996295,2.71949695672
2019-10-31,40771205.19448639,2.62405039789,2.7573530433,2.55790373477,2.73792997355
2019-10-30,31519264.201581065,2.66791159351,2.67554196217,2.53015637179,2.62421141327
2019-10-29,35635311.9512,2.66936280378,2.76879825243,2.65583633988,2.67004416876
2019-10-28,72104718.56138878,2.67507670966,2.89128336015,2.6707556333699998,2.67197394523
2019-10-27,64982869.2401733,2.74325822817,2.76545249084,2.6409797947399998,2.67546150765
2019-10-26,128310429.74114163,2.8396715388300002,2.99283922026,2.67509825744,2.75199689599
2019-10-25,105981433.58277063,2.74758515976,2.92825808623,2.64662347661,2.83784061145
2019-10-24,87693061.30481884,2.61520587026,2.78794485217,2.61520587026,2.75163190032
2019-10-23,93164058.65941706,2.61313979074,2.69296034047,2.4337817144000002,2.6124985859
2019-10-22,86845779.19413845,2.63644379464,2.82278580102,2.58501749807,2.60554810388
2019-10-21,87773870.97175924,2.44258585975,2.67426582377,2.43997584394,2.63204436932
2019-10-20,30652686.53033117,2.36095355588,2.44146408183,2.30430061036,2.44146408183
2019-10-19,26983173.91299212,2.36336414198,2.39881466635,2.30250573656,2.35945732158
2019-10-18,48359314.53715005,2.43218539704,2.50493202056,2.33549022616,2.35856744636
2019-10-17,74265012.2229491,2.37915597748,2.48430801129,2.29871934074,2.42411277203
2019-10-16,80054914.17422777,2.40042032957,2.41548333402,2.20435633761,2.39124881671
2019-10-15,52968245.20580191,2.5413531152599997,2.5952693134300002,2.3519021646400002,2.39479193966
2019-10-14,56868534.63911138,2.49789454462,2.65903815134,2.47119207998,2.53966717307
2019-10-13,50954017.863271765,2.60268393949,2.64665692533,2.45987752015,2.49745815388
2019-10-12,58307735.15970761,2.77215369537,2.77215369537,2.57790668393,2.60712324319
2019-10-11,115060909.04702108,2.6399787417000002,2.80555037163,2.59490515053,2.77236063214
2019-10-10,142420025.2337993,2.80673553962,2.80755348031,2.50132575808,2.6354876779
2019-10-09,202833359.3659575,2.6007006154,2.93917673187,2.52585076155,2.8038526197099998
2019-10-08,124296686.66300271,2.40446408711,2.62746853595,2.28243617467,2.57811099827
2019-10-07,97902865.68988709,2.19194329878,2.48847256967,2.1291452199,2.40185892281
2019-10-06,70771320.28818214,1.9635001808800001,2.26863572032,1.9635001808800001,2.18810251235
2019-10-05,16607270.187624207,1.97740443526,1.98197880349,1.92217545306,1.96600398967
2019-10-04,23129751.94674563,1.9510769118,1.99840792629,1.9128655025099999,1.97881777731
2019-10-03,42076009.50162424,2.02910372482,2.03478896056,1.90459616509,1.9511028718999999
2019-10-02,44306368.95804852,1.83766818007,2.02111773635,1.82771645459,2.01665999435
2019-10-01,29601442.33718324,1.76794855692,1.8958027379,1.75826563935,1.83930789329
2019-09-30,22169360.27111203,1.71366862975,1.7706911865300001,1.6514020303799999,1.76350712993
2019-09-29,22844102.60017275,1.68712233777,1.7536420447899999,1.67458030244,1.71653589825
2019-09-28,15151077.655775597,1.6723423994000002,1.70797070344,1.6553033586199999,1.68736757816
2019-09-27,26673375.828185897,1.65559619988,1.67634379784,1.57764854553,1.6701612781000001
2019-09-26,38823796.810239695,1.7588903281300001,1.76314770839,1.55768960868,1.65897596456
2019-09-25,64552018.86392477,1.7400182494799998,1.92764967703,1.6523542342100002,1.76018853099
2019-09-24,100024406.27518967,1.80510343298,2.05491584168,1.62270358905,1.73580925687
2019-09-23,23521469.81303917,1.8171219401,1.88727060209,1.78828416593,1.80734740802
2019-09-22,17014728.205942467,1.8864307712700001,1.8889014901099999,1.78272227712,1.82140037856
2019-09-21,22380493.65423422,1.8251947343000001,1.88940549405,1.80027370992,1.88940549405
2019-09-20,27793378.708713416,1.87886108007,1.87886108007,1.76612596378,1.82775047503
2019-09-19,68218374.54165128,1.80957626919,1.90779223396,1.75348360518,1.87586980113
2019-09-18,53366327.800658435,1.62612203685,1.84793013701,1.62529863871,1.80982082391
2019-09-17,26002288.162965592,1.5821530240500001,1.66015849252,1.5622209736400001,1.6294376987599999
2019-09-16,15321469.221348438,1.61852396312,1.6406585330499999,1.5541601325899999,1.58143503339
2019-09-15,19656372.410504445,1.5736201732600001,1.64749329926,1.56606269157,1.61752526208
2019-09-14,34053160.1023836,1.58007726941,1.63388476875,1.5394510643200001,1.56510499627
2019-09-13,46963625.29981942,1.70928718484,1.71301201217,1.5258688923100001,1.58093309257
2019-09-12,14748086.907681964,1.73499870781,1.7463739786099999,1.69538327713,1.7076393377299999
2019-09-11,16793693.926359713,1.80153477112,1.82532453353,1.72439184569,1.73482677359
2019-09-10,16107472.876516031,1.79264853406,1.82811635592,1.78604099567,1.8021302795
2019-09-09,24400848.760381162,1.83544827291,1.8705301137900001,1.7712641528900002,1.79689270327
2019-09-08,26833060.244125154,1.7768736984,1.90179314944,1.7768736984,1.83096430826
2019-09-07,16754595.066940222,1.7292598186,1.80969521178,1.71975470324,1.7769603716
2019-09-06,22861516.546584908,1.7976907414399999,1.8209215910799998,1.7108786015000002,1.72902477345
2019-09-05,24941822.095718306,1.7841200611499999,1.85914120424,1.7743893819699998,1.79788363293
2019-09-04,25036781.49991344,1.85268278156,1.8590309461799999,1.74924414196,1.78524451902
2019-09-03,25001186.78827536,1.83285129131,1.93095817271,1.82527067939,1.85439319297
2019-09-02,23160903.38672616,1.77487689182,1.88569707457,1.7417864882,1.8334889194400001
2019-09-01,10956110.195477193,1.78963822498,1.8025627049300001,1.73289939424,1.7752172691900001
2019-08-31,16394058.640087849,1.79986764815,1.84890371727,1.75096366704,1.79023064781
2019-08-30,19944913.5089376,1.78242210504,1.88885827366,1.75245354693,1.80638048678
2019-08-29,32084546.480469484,1.89975721508,1.89975721508,1.75283543735,1.78343260686
2019-08-28,29170694.218896177,2.1109690047,2.1109690047,1.89231639641,1.9003865581500001
2019-08-27,32799851.715889405,2.07767762129,2.16400211796,2.02886144235,2.10718134606
2019-08-26,23693950.246513426,2.08768342144,2.16257221389,2.05668639642,2.07684812142
2019-08-25,27828268.009736482,2.18502518795,2.18746772813,2.04405640399,2.08507735045
2019-08-24,20803113.111363318,2.25335421505,2.2615701957,2.17327461674,2.18519223467
2019-08-23,43400299.265555024,2.22900819134,2.30719748798,2.18798249973,2.253302195
2019-08-22,33310490.753582925,2.22203766275,2.28260681793,2.1650940651,2.22958144148
2019-08-21,52157125.87054242,2.37686765731,2.38800016635,2.17083673893,2.21631395845
2019-08-20,43970248.00085953,2.50489188572,2.53547571666,2.36528623373,2.38046271023
2019-08-19,60355651.24582623,2.50437987809,2.58882419696,2.45469800026,2.50515183849
2019-08-18,55725680.39994176,2.3936946734499998,2.5494179721,2.37374929379,2.49963993513
2019-08-17,30601189.55186459,2.32192002304,2.39743957948,2.31103648886,2.39338955483
2019-08-16,46433626.105939455,2.4124823215299998,2.44473945988,2.2559209318,2.32189341026
2019-08-15,46864333.24067636,2.28902921422,2.43176243975,2.21873281337,2.41274460261
2019-08-14,86605847.17351507,2.41658959465,2.540318142,2.23425745756,2.27114827781
2019-08-13,44627975.802828245,2.3861820864,2.44130928335,2.32303849347,2.41307994085
2019-08-12,34396122.01458421,2.41324296191,2.46128728687,2.34968653964,2.37997778584
2019-08-11,51515120.27740672,2.31957675162,2.47063544047,2.27583886801,2.39683570398
2019-08-10,59892168.46555526,2.18063082444,2.38217863602,2.1527539224,2.32256937472
2019-08-09,32916272.22789364,2.28367208423,2.29440896983,2.17194236369,2.17915548876
2019-08-08,40564400.474904224,2.39766492619,2.40141903958,2.28660883018,2.28908391189
2019-08-07,53918430.86873191,2.46468994267,2.49060668468,2.37433393193,2.39185548038
2019-08-06,75519475.88560681,2.49537105464,2.52172618988,2.35746335339,2.46067008909
2019-08-05,65569835.69835035,2.50659256567,2.62922992108,2.4820071330099998,2.4820071330099998
2019-08-04,75211944.38102992,2.43218259452,2.59775474897,2.43112896028,2.49768343048
2019-08-03,128230582.4313314,2.3839173050899998,2.72676704582,2.34158055719,2.42547936113
2019-08-02,66300048.52782246,2.17965605295,2.4448857786,2.1519228462,2.39867681876
2019-08-01,29425326.95688236,2.20106753539,2.22666882498,2.12472544335,2.18125747684
2019-07-31,46928606.80705284,2.08394975956,2.21727135811,2.08020249167,2.19683787361
2019-07-30,43883783.2393241,2.13948094184,2.17602682722,2.01814775334,2.08913880199
2019-07-29,24068121.48727138,2.22950107461,2.2422299266,2.13178213122,2.14151124259
2019-07-28,20994623.857955005,2.26324342079,2.28562003412,2.13498292079,2.21704187121
2019-07-27,34862291.814714305,2.40178634301,2.46059374106,2.23596270813,2.25848024732
2019-07-26,20095982.124957,2.37808655328,2.42567561059,2.3503371139600002,2.4035616812600002
2019-07-25,46354090.20929359,2.40574014968,2.51287681897,2.38317632197,2.38317632197
2019-07-24,65254734.75557512,2.3560763053200002,2.46054101151,2.30284432554,2.40539608435
2019-07-23,56664712.00887832,2.42489545842,2.50277080385,2.25993279519,2.37099089131
2019-07-22,38565326.631505094,2.55238665109,2.58665733171,2.40213254296,2.42572932169
2019-07-21,35611383.53927149,2.64275882629,2.6683215753800003,2.49770994393,2.5503552805
2019-07-20,55705414.41882857,2.62792520649,2.7208863446500002,2.59945600748,2.64464100963
2019-07-19,55793026.62230746,2.6841407353599998,2.7509085240299997,2.52555147258,2.6088510405500003
2019-07-18,144765938.0923564,2.41698211843,2.77134769799,2.35670607596,2.67909113789
2019-07-17,113098275.26220854,2.21042773712,2.57102782153,2.06782470391,2.37970432769
2019-07-16,72020419.76178417,2.72422128169,2.76364183818,2.18438040856,2.19765016243
2019-07-15,80965032.83345458,2.78327375872,2.84583534243,2.60516629004,2.72849241271
2019-07-14,98798208.63691965,3.16841854472,3.24017373233,2.78088048168,2.78738042646
2019-07-13,138164719.29050878,3.18337340349,3.26337046975,3.05616050162,3.17048460635
2019-07-12,189687827.92773238,2.82369007694,3.2735621786899998,2.67135820593,3.17385080953
2019-07-11,113941258.56757876,3.10931414565,3.12885638428,2.77914389157,2.82713991006
2019-07-10,178944766.704039,3.1069707689,3.22302316569,2.88389315922,3.11833703596
2019-07-09,165959731.7118608,3.33256055711,3.37991478339,2.98212595632,3.10823720735
2019-07-08,105032361.68708628,3.31337046309,3.55018261079,3.27275265081,3.3413705657
2019-07-07,85159851.28430839,3.4880372514399998,3.5124676193099997,3.2843680812200002,3.31435610578
2019-07-06,92098801.4818415,3.61000961399,3.62555853662,3.46312271154,3.47687993803
2019-07-05,181845254.96510583,3.47281797223,3.70087163999,3.44595349999,3.62215344474
2019-07-04,174284680.8956454,3.52868423472,3.61493652409,3.31123713261,3.48489125655
2019-07-03,200037836.87601364,3.64927791646,3.7889583795,3.53027702033,3.53316378078
2019-07-02,403790257.44797134,3.60388330819,3.79723303244,3.23970096077,3.64543559775
2019-07-01,322929389.83568394,3.43704896989,3.73492485931,2.96822420659,3.59197344566
2019-06-30,349812144.3776503,3.64035308601,4.09305105973,3.39682232095,3.44688878467
2019-06-29,818178884.7595996,2.95750206687,4.52517563358,2.91076167924,3.70650510363
2019-06-28,247904333.47523075,2.24751914478,2.96586331102,2.17681838868,2.96182569091
2019-06-27,174633027.71370694,2.2536731014,2.50436008165,2.08558452983,2.26760597373
2019-06-26,214881738.4630324,2.1874577675699998,2.37380939262,2.01461663335,2.2615596142
2019-06-25,223631155.37916085,1.8604670588899999,2.4090189730600002,1.85746461203,2.18971177204
2019-06-24,30571272.39063417,1.8055667608400001,1.88063988311,1.7932322318,1.86033411784
2019-06-23,50670441.92838568,1.81729897163,1.89622106359,1.76137295333,1.80137450496
2019-06-22,71465786.38683757,1.7015422961,1.92824432625,1.69762513376,1.83855336415
2019-06-21,64504375.56108349,1.7702046070300002,1.78638988246,1.62385515674,1.7028706434899998
2019-06-20,49814579.40032496,1.83689596187,1.88177215847,1.69412080808,1.7655505379799998
2019-06-19,44501747.47712796,1.8169736110199999,1.90186252634,1.79975526502,1.83844098878
2019-06-18,109077460.00033605,1.97552175619,2.0260593418,1.77239285329,1.8185369919399998
2019-06-17,160027376.20490745,1.67517092789,2.02896084571,1.67517092789,1.97163526701
2019-06-16,70834819.15301053,1.7118325216899999,1.7805964731700001,1.6166319812899999,1.6747065668999999
2019-06-15,101382014.84135906,1.67835708709,1.78270500781,1.62741836428,1.72130299744
2019-06-14,288031935.7358179,1.88062844924,1.88062844924,1.4687943803299999,1.6765578963699999
2019-06-13,341392518.42472565,1.14730262766,1.94560662716,1.12788950201,1.84791993852
2019-06-12,13277205.296439188,1.13731655741,1.16360771043,1.10968561238,1.1427589387800001
2019-06-11,18312551.069787994,1.19181226252,1.19181226252,1.10482973421,1.13830485511
2019-06-10,16948159.632482797,1.07411796644,1.19434571339,1.05521321322,1.19171550588
2019-06-09,14040788.616876774,1.15163360937,1.1549639528,1.03687338211,1.0732529369
2019-06-08,14189481.362322662,1.17261285075,1.19940276469,1.1351223281,1.15261996376
2019-06-07,43534037.6238989,1.11225201523,1.23932294005,1.08100615895,1.17761262318
2019-06-06,62202215.90764024,1.07717775708,1.23248408915,1.06456354526,1.11963292446
2019-06-05,57864832.333674185,0.885700262048,1.07711790695,0.885700262048,1.07711790695
2019-06-04,18376217.01992353,0.893954725276,0.931624625747,0.85740542513,0.883250310255
2019-06-03,14642904.289073115,1.01222902482,1.01222902482,0.904158094965,0.910968799788
2019-06-02,19671909.523234885,0.968047611152,1.04414438454,0.950716320369,1.01243420901
2019-06-01,22235146.12711624,1.02411529391,1.05204705898,0.965121052435,0.965132202368
2019-05-31,43642992.97707011,1.02175366016,1.05194920359,0.964007845454,1.0215197012
2019-05-30,60566089.45715332,1.18472836722,1.21962712807,0.984348293012,1.02475095704
2019-05-29,36657076.58438542,1.27004759678,1.27004759678,1.15528232011,1.18278841033
2019-05-28,54697982.85803487,1.21271031692,1.33331097248,1.15273666309,1.27502620504
2019-05-27,59434822.08261973,1.09033272289,1.25484504851,1.09033272289,1.21101091632
2019-05-26,43656180.15262165,1.12737000452,1.18264072997,1.04030173165,1.08706537367
2019-05-25,53341258.40995675,1.32792978436,1.33937800643,1.11428579973,1.12931167727
2019-05-24,52308561.9138384,1.33982088557,1.42365687902,1.24500121371,1.33695991223
2019-05-23,66160865.20537077,1.21998021316,1.36325626225,1.16641929757,1.34499063114
2019-05-22,118110608.22898197,1.18346709907,1.46610097629,1.15999983354,1.22004352746
2019-05-21,51739501.24232732,1.09713992902,1.2312798974499999,1.06639519372,1.18592317267
2019-05-20,28927743.756782252,0.993628798112,1.12893765303,0.953603740254,1.12893765303
2019-05-19,36570052.84372418,0.935832318313,1.0417688388,0.929429665839,0.994349991433
2019-05-18,18211963.7051002,0.889154360751,0.957589626591,0.861203682158,0.935664592916
2019-05-17,37615171.29443996,0.927251158777,0.978759778465,0.81125591067,0.887730892631
2019-05-16,35641459.06450056,0.844335949039,0.930726376207,0.773683436557,0.926124605861
2019-05-15,21710774.038405318,0.82525890941,0.877250852261,0.786644576107,0.845574079479
2019-05-14,42897769.943077445,0.64642909603,0.920687470402,0.637219828652,0.823081659415
2019-05-13,8353952.117294887,0.657862622059,0.684658342063,0.644730470784,0.64669673537
2019-05-12,8373783.1996389795,0.685813269402,0.695985692381,0.633102836543,0.657990035887
2019-05-11,15037380.734556487,0.672427046105,0.731141632903,0.656643723479,0.678823365963
2019-05-10,17654943.11812099,0.639870135704,0.722229352814,0.639870135704,0.67154286274
2019-05-09,20564393.729856584,0.592595456426,0.69651419793,0.589314520889,0.639848603899
2019-05-08,8008024.484870938,0.540170635861,0.610891141121,0.525769673382,0.591537354559
2019-05-07,13487711.999525938,0.578241895835,0.605574288502,0.544724346331,0.544724346331
2019-05-06,11158133.962300621,0.505411723205,0.583561688626,0.492201267002,0.578787829205
2019-05-05,3304464.188712753,0.495390635468,0.5209084625,0.491469569016,0.506979141554
2019-05-04,2832243.7516157283,0.510700695732,0.514381792621,0.481570426318,0.494994683742
2019-05-03,4984335.265503967,0.463218577424,0.521107856729,0.460731133135,0.512165029507
2019-05-02,1968626.3138557929,0.475635552339,0.47718712632,0.462704932413,0.463421328032
2019-05-01,3032339.5858626114,0.473556190571,0.489426201939,0.467295556922,0.476024757087
2019-04-30,3782369.7952744337,0.433135112346,0.473182113431,0.43295358041,0.473169910346
2019-04-29,2398225.955298686,0.448825999074,0.45088655414,0.428720710387,0.433501003357
2019-04-28,2221039.173062912,0.441559778504,0.457402546469,0.440383614317,0.448738749769
2019-04-27,2244625.735185189,0.437170606629,0.459006706394,0.434103341198,0.441522145228
2019-04-26,2990894.7809797362,0.444180591326,0.457116077138,0.425978916106,0.436926445349
2019-04-25,4478737.281838919,0.478968747066,0.500134979326,0.440754063802,0.445505864514
2019-04-24,4573644.869258338,0.481610754712,0.481610754712,0.446668612621,0.478312668558
2019-04-23,3814444.00536412,0.495644729286,0.503146707021,0.481482865972,0.481482865972
2019-04-22,3158114.770425506,0.499337879176,0.518363462051,0.489698548402,0.496663647229
2019-04-21,2730790.2722683954,0.516206065102,0.516206065102,0.481329042346,0.499498044065
2019-04-20,2816727.205811591,0.514077775169,0.532094302467,0.508377628562,0.515529181615
2019-04-19,3841853.9429186173,0.523067016728,0.537994879206,0.511034201254,0.514269987674
2019-04-18,2696285.3286063443,0.500446748149,0.52436223003,0.500446748149,0.523920243645
2019-04-17,2091386.2753329934,0.502676748437,0.507384294914,0.492188379582,0.500259478198
2019-04-16,2434279.656396056,0.492764104814,0.515619699147,0.491873899808,0.503053655316
2019-04-15,4064798.7981141834,0.528181337381,0.528181337381,0.48557534691,0.492213832888
2019-04-14,3474670.459065659,0.540199536447,0.546823542721,0.512053250014,0.528740487523
2019-04-13,4934649.388099586,0.49516480738,0.540919475237,0.49516480738,0.539207649152
2019-04-12,4126163.0653241444,0.485055662227,0.514637966817,0.461391847928,0.49535019074
2019-04-11,5232716.270542751,0.521361061916,0.521743214916,0.461751226909,0.486122622375
2019-04-10,5703108.729754838,0.533650211709,0.538582817064,0.518990983508,0.520256904197
2019-04-09,5683198.565239679,0.567685296707,0.567685296707,0.525419485803,0.53444291001
2019-04-08,7188307.340320446,0.578254809182,0.585212347204,0.545636169818,0.568899491702
2019-04-07,3841867.49514694,0.570050129651,0.586351337632,0.569050771342,0.577118591017
2019-04-06,5485765.936932525,0.577826465813,0.586225823921,0.56288967001,0.570109575343
2019-04-05,5640887.290608103,0.543192292036,0.580434686949,0.543192292036,0.577468264522
2019-04-04,8731897.0751674,0.564869991335,0.583761414056,0.527055548062,0.542240018876
2019-04-03,13981019.921586618,0.58398269972,0.605050358289,0.552307656755,0.564470913401
2019-04-02,19053475.255524486,0.555020661566,0.600143090718,0.538438014959,0.584279297229
2019-04-01,16085607.417906541,0.508160861116,0.557899544533,0.502701114833,0.556137820646
2019-03-31,11166885.462090101,0.493806449207,0.534780835235,0.488119167978,0.507613137005
2019-03-30,3044322.0599859077,0.499082137908,0.517915409611,0.484091828769,0.494277774853
2019-03-29,4926279.407856776,0.503026310125,0.504276357881,0.490940128908,0.499502088528
2019-03-28,8394078.738223255,0.500560821589,0.515642253804,0.492194757882,0.503459360626
2019-03-27,8125904.697984524,0.464116765373,0.503665562819,0.461458910692,0.49987076768
2019-03-26,6657678.999782799,0.476081358612,0.482511530949,0.453717879448,0.463600843949
2019-03-25,10409571.529015232,0.457155286437,0.491401316484,0.450292936129,0.476395443212
2019-03-24,2652179.0775240296,0.463183870806,0.463754448766,0.452961710885,0.456630688628
2019-03-23,2185031.8424272514,0.46622823049,0.467980894144,0.45914178524,0.463083528121
2019-03-22,4081571.6327233966,0.460016007673,0.46931402259,0.452950436989,0.466445765386
2019-03-21,4290683.866161704,0.486200711576,0.48708452518,0.449624298741,0.461060795862
2019-03-20,3320549.669253591,0.485133999043,0.493948408685,0.478559085699,0.486085922728
2019-03-19,3015568.9757889113,0.480655319683,0.485467848255,0.474221994862,0.485390721465
2019-03-18,3485115.798229388,0.484229574147,0.486447209231,0.471952178012,0.480714048126
2019-03-17,7029214.872919854,0.485641744974,0.488046140324,0.4773225371,0.483684815102
2019-03-16,7301530.5560045885,0.490123150777,0.495906052641,0.477490904125,0.485914660127
2019-03-15,3982629.932615943,0.490593028682,0.497046764939,0.487662105332,0.490086779461
2019-03-14,10799454.609940592,0.484472487759,0.501846103103,0.480214830552,0.491097481404
2019-03-13,6496306.992224343,0.488497795585,0.4897517434,0.473362850398,0.48450991425
2019-03-12,9887419.56838397,0.468988582056,0.50667105834,0.461122534595,0.488551861623
2019-03-11,13234791.671585811,0.502584488264,0.516784647687,0.46276200457,0.466762945781
2019-03-10,18721893.45912264,0.478048603603,0.546149101057,0.47148582068,0.50176812384
2019-03-09,9174616.306596894,0.466667615259,0.483478289722,0.457447789317,0.47745611912
2019-03-08,18898490.41701943,0.456682552613,0.513961335184,0.456037585368,0.466202156148
2019-03-07,9823763.900831128,0.432542960878,0.477540398397,0.430242771226,0.455831911879
2019-03-06,4598378.250468629,0.432833721273,0.440171499763,0.424048122841,0.43182109939
2019-03-05,7390382.286151675,0.407985284539,0.43317421709,0.406767357909,0.43299727215
2019-03-04,4185402.316362012,0.422796713285,0.427506353989,0.400721061369,0.408108369548
2019-03-03,1646906.2038654282,0.426734782225,0.4329579009,0.422492317043,0.423621852587
2019-03-02,2169223.7147984775,0.431176353408,0.438277760819,0.423016343426,0.427786768967
2019-03-01,3711753.5603096797,0.427210228566,0.442586922966,0.42361869737,0.431784968943
2019-02-28,4056342.245044278,0.431166992248,0.445228253687,0.422574310899,0.427420577979
2019-02-27,3331602.557617518,0.438511415682,0.447848664447,0.422567021783,0.431196652316
2019-02-26,6887489.535281145,0.473248640189,0.475702870566,0.435919653969,0.437896879676
2019-02-25,10065079.831045218,0.40895591376,0.470638463639,0.406953032657,0.470638463639
2019-02-24,6350572.57309526,0.45986532569,0.464863533741,0.404810142309,0.410640393381
2019-02-23,4125834.212254284,0.45151714492,0.463198369086,0.444992584193,0.461888803947
2019-02-22,4221089.87176226,0.444679805494,0.459597077108,0.442612557411,0.452029207229
2019-02-21,6983108.014183561,0.466514830839,0.475937174082,0.441987046361,0.445462670492
2019-02-20,7148433.801075228,0.458220185175,0.474130555901,0.449127815703,0.466109742431
2019-02-19,6017350.1685097,0.473564008745,0.479298978026,0.458156230521,0.458156230521
2019-02-18,7006296.047938092,0.460617948774,0.483379011668,0.454601833067,0.474333042057
2019-02-17,8040993.359239145,0.440276707281,0.472938745981,0.429959825752,0.457499213087
2019-02-16,2379077.201839168,0.43327672321,0.444854973927,0.43327672321,0.440510791116
2019-02-15,2770452.1038456447,0.428067253388,0.442390803499,0.421697176663,0.432968855529
2019-02-14,3858136.4592849137,0.443531849359,0.445727240304,0.422197745789,0.428376206185
2019-02-13,4821565.581928171,0.426151807975,0.444044077411,0.419569799307,0.444044077411
2019-02-12,3926429.164788177,0.427935747868,0.434905025138,0.421507265738,0.425395475395
2019-02-11,6843020.233185766,0.452690783646,0.452695122462,0.423228982897,0.429450855114
2019-02-10,9176597.70915149,0.464839114127,0.480032608629,0.439995395552,0.452186140587
2019-02-09,7719367.8628790695,0.438646362485,0.479404277318,0.433020026026,0.46433419057
2019-02-08,7512773.857877566,0.401655043901,0.443173525014,0.398689863246,0.436518891377
2019-02-07,3488767.776910098,0.39995054146,0.406290684802,0.393330054819,0.40147423891
2019-02-06,6333409.249317409,0.421404305481,0.422242083619,0.393127755984,0.399619981684
2019-02-05,7363124.42262281,0.393464443381,0.430440091531,0.390429532081,0.421776232937
2019-02-04,5552965.375100467,0.397265353046,0.409226752499,0.388080317275,0.394451796319
2019-02-03,4160633.155922589,0.415928377081,0.416679850904,0.391219491409,0.39664473942
2019-02-02,5319752.540054469,0.418131503606,0.431467744662,0.40193955708,0.414927034577
2019-02-01,7854227.745704157,0.387353709651,0.43004538178,0.383755940963,0.419263468526
2019-01-31,8250765.654414373,0.426897861847,0.440094464689,0.386335422106,0.387690354953
2019-01-30,11208598.505995966,0.453444007993,0.453444007993,0.421108385765,0.426928766389
2019-01-29,26091850.92478979,0.4134584484,0.465594200535,0.412659219373,0.45523499992
2019-01-28,18383306.97683221,0.434097247192,0.434650105865,0.357929760674,0.413490114693
2019-01-27,12176587.266638968,0.469768667,0.469768667,0.430182559899,0.433748990588
2019-01-26,6906970.182963006,0.479245231465,0.491413091097,0.468377690921,0.47214917483
2019-01-25,10196243.042019794,0.507754435324,0.518715098175,0.477191285127,0.479479398326
2019-01-24,10307330.43950466,0.509977523589,0.511098927558,0.478753802672,0.504242133718
2019-01-23,12566366.218395459,0.540085709266,0.551629750333,0.506791572214,0.509976027783
2019-01-22,17795461.356948264,0.501980121514,0.565395706096,0.501980121514,0.540334699958
2019-01-21,10044855.044769201,0.490851680574,0.524283504147,0.476882511435,0.503279936696
2019-01-20,7330032.954416962,0.491417940072,0.49729465251,0.471904418641,0.490122567162
2019-01-19,7143354.88254364,0.499880615416,0.500850740717,0.475322232859,0.49146990724
2019-01-18,10200473.154766263,0.482481233134,0.507996453713,0.469494132059,0.500731508034
2019-01-17,12997585.512982765,0.495978227495,0.498846247062,0.473997960763,0.483011881103
2019-01-16,23095546.325075157,0.520064985435,0.544165914337,0.480769116998,0.497215322599
2019-01-15,38483473.1884049,0.489696425323,0.557111388419,0.465548622402,0.520637478592
2019-01-14,25657438.912602343,0.443326366257,0.498073683823,0.424714588109,0.485660068689
2019-01-13,13441642.069491083,0.410886062112,0.452935053045,0.381357249218,0.444260572655
2019-01-12,20476042.83689075,0.444802548317,0.469564146452,0.407560822971,0.412244398828
2019-01-11,21295799.39649628,0.354706798799,0.463958687216,0.35323070954,0.444193038996
2019-01-10,6955996.051078803,0.40096824437,0.406695258707,0.346559555623,0.354603780319
2019-01-09,10783431.824149847,0.426102790074,0.436119749458,0.400637173706,0.40179199671
2019-01-08,9592197.442153672,0.37773565391,0.424596491892,0.365395160051,0.424198422872
2019-01-07,6375524.110013608,0.397071657692,0.410828200726,0.37107147721,0.376474143284
2019-01-06,10785401.337220227,0.39625121672,0.403174658975,0.373562296296,0.397010182379
2019-01-05,19541318.45657724,0.439457271892,0.443555442199,0.387586161579,0.395948252783
2019-01-04,40802725.93329408,0.368733429254,0.450038131287,0.366543005063,0.437175390788
2019-01-03,17894324.786117807,0.316471022701,0.37236406668,0.315524873275,0.366444776841
2019-01-02,1696114.297909868,0.300769522308,0.318268562208,0.297464192659,0.316488833681
2019-01-01,1846367.3545010109,0.28875261553,0.301980479115,0.28875261553,0.299371000824
2018-12-31,1553281.642513562,0.299919194357,0.30219346861,0.285003130483,0.289444449882
2018-12-30,2260155.924606602,0.299536532263,0.314681680928,0.295079540526,0.298643357435
2018-12-29,3616627.8860586784,0.298662783261,0.31897504094,0.290561111105,0.299969849477
2018-12-28,2328949.3064717893,0.275646309382,0.301621839835,0.257563518852,0.29837939009
2018-12-27,1896893.1616386638,0.306720247102,0.310778850121,0.273160310142,0.275171072138
2018-12-26,3507955.5463579036,0.316292762082,0.319396709577,0.296118368002,0.307583407748
2018-12-25,5552490.420101528,0.308042096647,0.321939353605,0.288652308789,0.317703537035
2018-12-24,3699425.519241885,0.313246012449,0.331236765628,0.29984007560000003,0.307952486311
2018-12-23,2714206.5818451284,0.313057906111,0.32030434559,0.300794892115,0.313261455863
2018-12-22,2642094.7811511713,0.298164190244,0.311305924056,0.286960986157,0.311305924056
2018-12-21,4656737.96370527,0.340056420726,0.341851184884,0.292681366821,0.298483262281
2018-12-20,11229569.19787759,0.295346394804,0.346709669394,0.292791233672,0.338506048816
2018-12-19,7325262.444316968,0.272329082681,0.312697895775,0.264929780054,0.296345606793
2018-12-18,4622291.47021254,0.233623320398,0.271144477625,0.227673838813,0.270225230407
2018-12-17,1670284.5017354686,0.206783746392,0.23772525194,0.204425094288,0.233421576126
2018-12-16,1361296.6539560542,0.203568403996,0.219609478713,0.203225261255,0.206881600449
2018-12-15,1122595.1784115124,0.203839095341,0.207196228484,0.199321815085,0.203356718746
2018-12-14,1369008.747512065,0.20592078561,0.210268416395,0.199042582672,0.202931857061
2018-12-13,1725349.9515783475,0.226801137245,0.228289623858,0.201940384033,0.205695911914
2018-12-12,1835900.9974136958,0.223371419248,0.241899474805,0.220062313022,0.226759005222
2018-12-11,1261156.484137979,0.219478277226,0.225837806684,0.211127418729,0.223391103289
2018-12-10,994498.7794830231,0.239575974432,0.242904042883,0.215350982001,0.219065477966
2018-12-09,2062343.7967850573,0.228124088434,0.246371640952,0.219744588478,0.23979077229
2018-12-08,3368276.0903641065,0.216475701472,0.244535853683,0.211930304404,0.228282839747
2018-12-07,3546734.298319601,0.222210350404,0.223212332291,0.196524848743,0.216467937935
2018-12-06,3752645.5091496278,0.256724997541,0.27021555598,0.221517669413,0.222841142555
2018-12-05,2162253.352627751,0.285658557918,0.293101941172,0.256593454243,0.256612559562
2018-12-04,2922494.1533010444,0.287592930554,0.311339806125,0.284312932681,0.287811704225
2018-12-03,2309424.4149768213,0.31487300560000003,0.3187893275,0.2824797743,0.288481740048
2018-12-02,1458096.7777897622,0.332233234182,0.344589451117,0.3141114255,0.31565722113
2018-12-01,3677856.6293816315,0.322804951791,0.344941820404,0.315273009348,0.33269225277
2018-11-30,6219606.960996319,0.344778177752,0.388260089016,0.3112675033,0.322241746476
2018-11-29,6068864.420687903,0.3315790221,0.384532279,0.3140159133,0.3447360694
2018-11-28,6074331.98248,0.2883097297,0.350208,0.285821,0.33146
2018-11-27,7063466.807936,0.2836132856,0.307023,0.2663457965,0.287584
2018-11-26,4925274.090066,0.259927,0.284513,0.239467,0.283866
2018-11-25,5894943.0109439995,0.284489,0.284489,0.23878932960000002,0.259428
2018-11-24,2485779.451632,0.329575,0.339396,0.261923,0.284568
2018-11-23,2418722.9651528546,0.33900649110000003,0.35133,0.319733,0.32987661490000003
2018-11-22,3438001.226787,0.36557262420000003,0.384949,0.342961,0.342961
2018-11-21,5075334.513696999,0.34409487050000004,0.377458,0.324775,0.367507
2018-11-20,7231138.100997999,0.408542,0.42090221650000004,0.323228862,0.341813
2018-11-19,7900997.29507,0.5222752193,0.525748,0.390645,0.41129
2018-11-18,5000943.237575999,0.486116,0.532501,0.4809902186,0.524238
2018-11-17,6714486.052125264,0.5137578113,0.515894,0.4755859998,0.4850680124
2018-11-16,6908804.248771999,0.538504,0.53886,0.5044781366000001,0.512894
2018-11-15,12330003.345234001,0.547454,0.560645414,0.49053116820000003,0.541633
2018-11-14,15556220.22855944,0.584511,0.614066,0.48713,0.5516048822
2018-11-13,19032704.38725,0.5618632882,0.6217863869,0.5516714168,0.581442
2018-11-12,5500294.846493,0.5120464191,0.5653000232000001,0.5048906105000001,0.562799
2018-11-11,1254775.814872,0.520441,0.5283883707,0.501918,0.509636
2018-11-10,3382423.337027588,0.492345837,0.527346,0.49051981310000003,0.5170616379
2018-11-09,1871695.774275,0.49489,0.5008302038,0.483278,0.492477
2018-11-08,5464005.159731496,0.481795,0.522419,0.4791166765,0.497901522
2018-11-07,1945544.993755966,0.48440396410000003,0.489589,0.471198,0.4816970481
2018-11-06,2980926.009625,0.481669,0.491555,0.464432,0.484115
2018-11-05,2582067.5793600003,0.502914,0.5151736983,0.47848137490000003,0.481368
2018-11-04,4765934.208025147,0.5411814512,0.5433429021,0.486740473,0.5047498301
2018-11-03,6186773.361209,0.50197,0.5553916841000001,0.49988281780000005,0.543031
2018-11-02,4580214.342667225,0.5146160632,0.524203,0.4971508193,0.5027507127
2018-11-01,25176968.729326,0.5073743824,0.583402,0.4971033971,0.514022
2018-10-31,12441273.915840002,0.4528314402,0.527735,0.441584671,0.506044
2018-10-30,4587111.46382,0.4173866862,0.459612,0.41593220610000003,0.45041
2018-10-29,2032897.169012,0.438024,0.43982,0.397667058,0.418148
2018-10-28,1810739.6732189623,0.44323752320000004,0.4473120343,0.429002,0.44047859570000003
2018-10-27,2785849.892108,0.43332082580000003,0.4589975893,0.41922525390000004,0.444364
2018-10-26,3584194.097232,0.438584,0.4460515163,0.41407005150000004,0.432123
2018-10-25,2584220.0798396305,0.4127133564,0.4436740414,0.397999976,0.4361999016
2018-10-24,3857580.5297392444,0.435015,0.437667,0.4076661311,0.41310520440000004
2018-10-23,17286149.991003,0.3904001738,0.482214,0.3904,0.437883
2018-10-22,2959219.4467459996,0.368917,0.392008,0.355149,0.390431
2018-10-21,1059730.1394240905,0.3699531821,0.3798017569,0.3661470368,0.3709348712
2018-10-20,920583.4290179999,0.36157788220000003,0.3734941044,0.3584616816,0.370766
2018-10-19,1117367.978496,0.3758087613,0.3805614282,0.356982,0.361977
2018-10-18,2907812.935356,0.3753459134,0.396928,0.366221,0.376913
2018-10-17,3819346.6649040002,0.359983,0.38312,0.350594,0.376968
2018-10-16,3244293.102582655,0.3401206646,0.367643,0.33645,0.3601284071
2018-10-15,1907321.709116747,0.326235,0.350657,0.3219577621,0.3405037801
2018-10-14,964261.155228,0.319704,0.334104,0.31516862360000003,0.325284
2018-10-13,790565.1354170489,0.3119164297,0.323745,0.311512,0.3197548689
2018-10-12,877374.39636,0.303087,0.314708,0.301899,0.311278
2018-10-11,1636105.9209227744,0.3474560849,0.3485223295,0.30103774240000003,0.3033923824
2018-10-10,1855963.8967932754,0.3393276351,0.3601915449,0.332131,0.3474590341
2018-10-09,1225183.897344,0.3438928027,0.344227,0.33011,0.339712
2018-10-08,945755.8504349999,0.3379347952,0.3478023765,0.33474973480000003,0.343585
2018-10-07,739909.876732,0.3376212106,0.341053,0.3332996312,0.337637
2018-10-06,3705000.951672,0.3620266686,0.37779311520000003,0.3343006214,0.338098
2018-10-05,2995630.02868,0.3207644394,0.36668,0.3176489081,0.356504
2018-10-04,569106.855,0.310651,0.3225593634,0.310573178,0.32094
2018-10-03,779606.0138623968,0.3205205141,0.3217642035,0.3058434511,0.31026279560000003
2018-10-02,714451.8817949999,0.324566,0.327268,0.318859,0.321105
2018-10-01,924863.86456,0.332822,0.33347816420000004,0.3225191746,0.325232
2018-09-30,1272927.3479123483,0.32891,0.333077591,0.320582,0.3320127742
2018-09-29,628673.76738,0.334734,0.3348769998,0.325455,0.329202
2018-09-28,1472034.80934524,0.346138,0.349646,0.327474,0.33510652
2018-09-27,2238432.04788,0.3447216047,0.3500511847,0.3320025257,0.34559
2018-09-26,4039103.399892,0.3261862085,0.377129,0.3159998009,0.348924
2018-09-25,3635056.503999,0.333479,0.347311,0.3169254011,0.326493
2018-09-24,3156578.5279599996,0.342773,0.353736,0.3305036524,0.334657
2018-09-23,4000808.6699406467,0.340165,0.3475552182,0.332853,0.3438274622
2018-09-22,4424212.088617962,0.353784,0.353784,0.323429,0.3386294011
2018-09-21,8330874.847515999,0.3540675479,0.374125,0.33867899970000004,0.353303
2018-09-20,13478115.403702,0.331875,0.4256089207,0.32627292880000003,0.358403
2018-09-19,9604606.173097,0.2898462497,0.344874,0.285346,0.329173
2018-09-18,2551038.3784760004,0.26757011480000004,0.305719,0.2660447087,0.291212
2018-09-17,930679.174886,0.274897,0.2830982931,0.2609369506,0.268721
2018-09-16,995689.3373100001,0.271143,0.280837,0.260933,0.273865
2018-09-15,627256.5777200001,0.2689711604,0.279133,0.265223,0.269288
2018-09-14,1100310.4486500002,0.2727713057,0.274140441,0.2617319587,0.268898
2018-09-13,1153367.8807680001,0.254169536,0.27651472380000003,0.25377,0.271776
2018-09-12,1214250.9363050002,0.26003934830000003,0.271943,0.24755,0.253495
2018-09-11,1378511.376957,0.2476256544,0.2672863524,0.2398901371,0.260429
2018-09-10,836862.576718,0.2398189902,0.254832,0.23926601620000001,0.247807
2018-09-09,611804.407799,0.2414267388,0.2557419207,0.234261,0.239741
2018-09-08,713955.369241,0.2609533831,0.277029413,0.237862,0.241907
2018-09-07,1920022.476914,0.272267,0.289301,0.258255,0.260662
2018-09-06,2717079.6008065827,0.2681464704,0.284026,0.245265,0.27221738770000004
2018-09-05,2666648.1422050004,0.29976,0.300533,0.2655838622,0.268699
2018-09-04,2015483.218305375,0.306679,0.309282,0.2924581375,0.2998030875
2018-09-03,1052604.40012,0.31115091980000004,0.311338,0.294637,0.30394
2018-09-02,2171805.850158,0.32747778180000003,0.341612,0.3003799871,0.310938
2018-09-01,719859.618002,0.3276884612,0.33432,0.319254,0.328258
2018-08-31,1776468.4123719998,0.305595,0.333113586,0.2979669857,0.328099
2018-08-30,2102142.59791,0.3087805811,0.3143997377,0.291036,0.30539
2018-08-29,1300911.34904,0.3360968919,0.337197,0.3081814808,0.30871
2018-08-28,1980942.637521,0.3352448089,0.3399686152,0.3256902714,0.335793
2018-08-27,910109.4417900001,0.3299936471,0.336085,0.3233103779,0.336085
2018-08-26,1707969.681594,0.3197329386,0.33678824420000003,0.3060076494,0.328878
2018-08-25,1278522.7972650002,0.335559,0.3385054635,0.3190431201,0.319767
2018-08-24,2607953.854200538,0.32210585410000003,0.341856,0.31411276250000003,0.3363004968
2018-08-23,3761460.680146,0.31444499270000004,0.322174,0.302736,0.321022
2018-08-22,4147520.240792,0.313597,0.3487700633,0.303965,0.314632
2018-08-21,5918662.465896715,0.29089766580000004,0.334666,0.286131,0.3129058401
2018-08-20,2209406.4428580003,0.299123,0.3054692934,0.2848690055,0.287262
2018-08-19,4088744.7825850337,0.2748662408,0.311823,0.274852,0.3017777719
2018-08-18,2620114.66996,0.292455,0.297414,0.260974,0.27332
2018-08-17,3616235.520258859,0.269883,0.294185,0.2673805093,0.2916885173
2018-08-16,2915353.257057601,0.2574871628,0.279403,0.251698,0.2681517429
2018-08-15,3659547.6493740003,0.2747953409,0.279145,0.254971,0.257547
2018-08-14,5508235.04297,0.258216,0.272586,0.226687,0.27191
2018-08-13,3815360.2994492087,0.2833635895,0.298308,0.2579821643,0.25942201470000004
2018-08-12,3196084.30657,0.271578,0.2894559853,0.261270594,0.283597
2018-08-11,4729743.60869,0.2745234158,0.2821436044,0.2369585743,0.27067
2018-08-10,6397243.745867,0.27507685060000003,0.312034,0.269657,0.274727
2018-08-09,8356757.397088,0.22809600570000002,0.300537,0.22809600570000002,0.276128
2018-08-08,1050089.0818399999,0.23416075520000001,0.2365136142,0.220033,0.22804
2018-08-07,1526268.5982030001,0.23516202790000001,0.2591554815,0.232132,0.233997
2018-08-06,957285.2127939999,0.2542494263,0.25961225190000004,0.2332442442,0.236471
2018-08-05,1190731.834353,0.2568471167,0.257437,0.242065,0.253947
2018-08-04,1652981.96102,0.2850812949,0.286994,0.2485266828,0.257989
2018-08-03,1974759.667041189,0.3101528435,1.6147938512,0.2742459798,0.2848797938
2018-08-02,2819778.1624200004,0.28738491590000004,0.317333,0.28738491590000004,0.30958
2018-08-01,2029700.13624,0.2954334321,0.308805,0.26952,0.28728
2018-07-31,3243506.4304079995,0.313723,0.313723,0.2637744046,0.293934
