datetime,openPriceUsd,closePriceUsd,highPriceUsd,lowPriceUsd,volumefrom_LINK_uniswap,volumeto_ETH_uniswap,tradeCount_0x,tradeVolume.token_0x,tradeVolume.USD_0x,volume.eth_bancor,volume.usd_bancor,Sum_volfrom_Link_dex,Sum_volfrom_Link_dex_usd
2020-07-31,7.41809072359,7.77291238,7.83040389858,7.41809072,1179,26,34,22661,168348,463,160083,23840,345389.23113920004
2020-07-30,7.10793748662,7.41699155,7.5508303044,7.04704044,1135,25,37,11485,77135,0,0,12620,93602.43336099999
2020-07-29,7.22037702782,7.11608294,7.46813984611,7.03734297,934,21,48,12746,88194,0,0,13680,97348.0146192
2020-07-28,7.0934177588,7.22346045,7.3851379999999995,6.9516292888999995,2044,46,27,13449,95996,0,0,15493,111913.07275185
2020-07-27,7.46709871924,7.0955831,7.46709872,6.58350803,8342,182,71,51175,348488,0,0,59517,422307.8193627
2020-07-26,7.65083733622,7.49900484,7.8969572,7.33824252,5458,133,72,30980,230414,0,0,36438,273248.73835992
2020-07-25,7.43127513663,7.65782354,7.76949217,7.41186116,8623,229,45,15195,116378,0,0,23818,182394.04107572
2020-07-24,7.8773307826,7.43215277,7.89611572,7.40788751562,4381,119,49,30831,235107,0,0,35212,261700.96333724
2020-07-23,7.45227539659,7.87447715,8.03155887,7.42285043,6049,176,42,36484,283125,0,0,42533,334925.13662095
2020-07-22,7.282578224,7.46697514,7.58905961,7.1022777,9231,270,37,21502,159471,0,0,30733,229482.54697762
2020-07-21,7.25339976083,7.28157682,7.64057181,7.06152983,5673,169,57,34844,255836,0,0,40517,295027.64801594
2020-07-20,8.06967209239,7.2729828,8.10698072,7.24471013,6188,199,48,28296,215814,0,0,34484,250801.5388752
2020-07-19,7.95204586754,8.06518999,8.1670286,7.80819312728,3333,112,38,19109,150242,0,0,22442,180998.99375558
2020-07-18,8.2688150295,7.95927977,8.2688150295,7.79344958,6986,238,51,26504,209888,0,0,33490,266556.2794973
2020-07-17,8.37644648,8.28039298,8.55090935858,8.21657201,2316,82,51,17704,147358,0,0,20020,165773.4674596
2020-07-16,8.64042980967,8.33770628,8.75488067,8.05315886,4868,174,80,59338,489355,0,0,64206,535330.7694136801
2020-07-15,8.09608379979,8.64312279,8.74196262203,7.8641148265,11310,395,102,43960,362443,0,0,55270,477705.3966033
2020-07-14,7.17394195655,8.10346502,8.25062985599,7.0424549,9745,312,85,25387,186843,0,0,35132,284690.93308264
2020-07-13,7.30674115179,7.18229114,8.23371698596,6.97627090282,25892,844,148,60928,403471,0,0,86820,623566.5167748
2020-07-12,6.11008289997,7.30918344,7.30918344,6.11008289997,13169,374,120,50928,307912,0,0,64097,468496.73095368
2020-07-11,6.15327014,6.11968689,6.2406913212,6.00269083692,6138,159,44,13622,84391,0,0,19760,120925.01294639999
2020-07-10,6.10614182,6.13847502,6.16894717,5.75206929,4079,101,34,6370,37972,0,0,10449,64140.92548398
2020-07-09,6.46751011,6.10431068,6.46751011,5.79993741,8567,215,56,23625,145106,0,0,32192,196509.96941056
2020-07-08,5.72093901,6.47572487,6.4915921593,5.63768097,14721,374,95,48000,284526,0,0,62721,406163.93957126996
2020-07-07,5.34443142,5.7128167,5.85658084465,5.32995469,17636,424,88,48816,168207,0,0,66452,379628.0953484
2020-07-06,4.74269169477,5.36505325,5.38531604759,4.7379093152100005,11234,243,54,31601,148837,0,0,42835,229812.05596375
2020-07-05,4.79695295404,4.74216976,4.83525702943,4.64728236872,4128,85,36,11977,56112,0,0,16105,76372.6439848
2020-07-04,4.73928683,4.80455775,4.84911284491,4.72237174,2410,50,17,6097,28719,0,0,8507,40872.37277925
2020-07-03,4.84085989,4.74328060203,4.90664120957,4.73416852,6213,131,22,7539,36384,0,0,13752,65229.59483911655
2020-07-02,4.71490258,4.84500392137,4.9126227700000005,4.67060767,3678,77,31,11402,54534,0,0,15080,73062.65913425961
2020-07-01,4.57802087595,4.70151175404,4.74047925337,4.53105401688,2525,51,25,16301,76626,0,0,18826,88510.66028155704
2020-06-30,4.61960753,4.56918885,4.66807193,4.55408562,4340,87,26,9140,42323,0,0,13480,61592.665698
2020-06-29,4.56697561013,4.61792962,4.652367,4.4487809,9366,187,32,7710,35141,0,0,17076,78855.76619112
2020-06-28,4.42982121137,4.5634833,4.62665502,4.38685512,6269,126,27,3724,16758,0,0,9993,45602.888616899996
2020-06-27,4.67732008,4.42655159,4.6948411100000005,4.37335033504,16171,323,33,8111,36427,0,0,24282,107485.52570838
2020-06-26,4.81128474,4.68080532,4.85655816,4.66336549267,6406,131,35,7166,33830,0,0,13572,63527.88980304
2020-06-25,4.71401348347,4.81104667727,4.82443074465,4.5473699199999995,14466,288,35,15746,74909,0,0,30212,145351.34221368126
2020-06-24,4.81640089,4.71901691,4.93388413816,4.54730573203,20204,401,21,7218,34131,0,0,27422,129404.88170602
2020-06-23,4.46826719035,4.80625153,4.94150621361,4.40752135,17411,341,39,10462,50115,0,0,27873,133964.64889568998
2020-06-22,4.18572873,4.46793424,4.47036069,4.18572873,12453,228,23,10978,47797,0,0,23431,104688.16717744
2020-06-21,4.19132400774,4.18914952,4.20981561,4.15377113,15275,277,19,4093,17106,0,0,19368,81135.44790336
2020-06-20,4.07730494004,4.17076968,4.21130474,4.05273184,9122,164,13,2771,11448,0,0,11893,49602.963804240004
2020-06-19,4.16674842354,4.07996193,4.18811189,4.05409127913,7592,134,6,1826,7501,0,0,9418,38425.081456739994
2020-06-18,4.1636517987,4.16898037,4.23352500195,4.11867419067,7345,131,7,1099,4556,0,0,8444,35202.87024428
2020-06-17,4.04811694877,4.1636694,4.17007241,3.99664194,12738,222,10,5270,21557,0,0,18008,74979.3585552
2020-06-16,3.9300500832700003,4.04871403,4.08400385726,3.90378326286,7482,127,8,5823,23272,0,0,13305,53868.14016915
2020-06-15,3.95715111791,3.9339029500000002,3.99321134,3.67960051,14366,242,9,1248,4120,0,0,15614,61423.96066130001
2020-06-14,4.11649954,3.95501319,4.11649954,3.95501319,19096,329,15,9109,36673,0,0,28205,111551.14702394999
2020-06-13,4.09285566372,4.11465273,4.12062192,4.02268851,3913,67,12,967,3923,0,0,4880,20079.5053224
2020-06-12,3.9431944,4.09094191,4.17523684,3.8959690399999998,11986,207,9,5728,23573,0,0,17714,72466.94499373999
2020-06-11,4.42334897299,3.97633543109,4.45502228,3.93839159282,33357,574,9,11568,49483,0,0,44925,178636.86924171823
2020-06-10,4.45134749,4.42030134,4.45134749,4.33941596,13995,251,5,1124,4939,0,0,15119,66830.53595946
2020-06-09,4.46987796,4.45014881,4.48320132,4.38717731,23030,426,22,6124,27277,0,0,29154,129739.63840673999
2020-06-08,4.35048984726,4.45924294493,4.45924294493,4.32946349237,8677,156,13,3736,16430,0,0,12413,55352.58267541609
2020-06-07,4.34444193,4.34993312,4.40047713462,4.24173593,18704,335,15,2653,11365,0,0,21357,92901.52164384001
2020-06-06,4.36855328006,4.34262346,4.40237788,4.33100217,40869,747,12,3292,14323,0,0,44161,191774.59461706
2020-06-05,4.43271578807,4.37743734,4.48698497,4.35922737,31763,580,14,1597,7051,0,0,33360,146031.30966240002
2020-06-04,4.48903096,4.43301963,4.50538519006,4.31883181,44312,805,16,1747,7727,0,0,46059,204180.45113817003
2020-06-03,4.39026969,4.49072943,4.53417709,4.32145870292,18961,348,18,5423,24224,0,0,24384,109501.94642112
2020-06-02,4.38490707433,4.38683383,4.60659893,4.2405902,16521,302,21,6072,25918,0,0,22593,99111.73672119
2020-06-01,4.12817134,4.38064232,4.46565385,4.12817134,17196,312,14,4151,18143,0,0,21347,93513.57160504
2020-05-31,4.16902652738,4.13230192235,4.25689880786,4.06385286,15621,274,7,4650,19761,0,0,20271,83765.89226795685
2020-05-30,3.98716450281,4.16844942,4.16844942,3.94850095,25965,450,12,7734,30929,0,0,33699,140472.57700458
2020-05-29,4.03249261,3.98659426,4.09937468,3.95908368,15960,290,12,3309,13457,0,0,19269,76817.68479594
2020-05-28,3.85491741,4.02535056,4.03584621,3.84106961,6665,122,8,3310,12905,0,0,9975,40152.871836
2020-05-27,3.83863668,3.85770281,3.91905376,3.8173388932,5327,100,6,560,2177,0,0,5887,22710.29644247
2020-05-26,3.8672338917999998,3.83627742,3.87974646327,3.78855217,7060,133,11,3245,12403,0,0,10305,39532.8388131
2020-05-25,3.81395312169,3.86993336,3.89876811,3.8051413800000002,8506,161,29,7167,26079,0,0,15673,60653.46555128
2020-05-24,3.94296433,3.83632223,4.02209859,3.83632223,13867,263,10,4756,18319,0,0,18623,71443.82888929
2020-05-23,4.06973866,3.95506071,4.09715039081,3.92633037082,10965,210,21,2235,8626,0,0,13200,52206.801372
2020-05-22,3.84413826771,4.07028234,4.11873365,3.81526763,18914,369,28,6694,23091,0,0,25608,104231.79016272
2020-05-21,4.07593239803,3.84775124,4.14801283446,3.77031165129,30706,602,20,4937,19433,0,0,35643,137145.39744732
2020-05-20,3.9223258147599998,4.07104932,4.11809213,3.9223258147599998,27786,531,32,5426,20633,0,0,33212,135207.69001584
2020-05-19,3.88831112855,3.92247645,3.92247645,3.79507218,32583,591,18,1662,6189,0,0,34245,134325.20603025
2020-05-18,3.78227615,3.88534597,3.94051241208,3.78227615,43213,788,16,4364,16921,0,0,47577,184853.10521469
2020-05-17,3.75984375178,3.78432946,3.83857698,3.7573041664,64986,1211,21,2590,9846,0,0,67576,255729.84758896
2020-05-16,3.6709102099999997,3.76009466,3.78424778,3.6301544416500002,36977,687,18,2598,9474,0,0,39575,148805.7461695
2020-05-15,3.8006485026,3.6746531300000003,3.83719168608,3.65057683809,42920,813,14,614,2293,0,0,43534,159972.34936142
2020-05-14,3.7609757374,3.79938705,3.8485541127,3.70460063,61703,1187,20,5480,20837,0,0,67183,255254.22018015
2020-05-13,3.6884590213,3.76042427,3.80093098925,3.66845049,21524,412,17,4043,15044,0,0,25567,96142.76731109
2020-05-12,3.57815839592,3.69237351,3.79063417599,3.55962867,37128,726,29,6605,24544,0,0,43733,161478.57071283
2020-05-11,3.76091401115,3.58506515,3.82283441,3.41385008,57862,1148,23,4951,17728,0,0,62813,225188.69726695
2020-05-10,4.02521455,3.7613252900000003,4.02521455,3.60076326,74472,1454,24,6161,23203,0,0,80633,303286.94210857
2020-05-09,3.81857399955,4.0373559153,4.17484367,3.80137634956,105182,2013,42,10311,41887,0,0,115493,466286.3467257429
2020-05-08,3.7530157919400002,3.82210863,3.8549659849199998,3.7067946000000003,31830,566,17,1736,6616,0,0,33566,128292.89827457999
2020-05-07,3.63766006375,3.75401776,3.83007572241,3.57810007,50714,893,25,4864,17835,0,0,55578,208640.79906528
2020-05-06,3.68529700307,3.63645775,3.76397113158,3.63645775,17460,312,25,5646,21030,0,0,23106,84023.9927715
2020-05-05,3.78477347,3.68769293,3.80062749384,3.67852784608,18903,343,16,2744,10292,0,0,21647,79827.48885570999
2020-05-04,3.72001441573,3.76790041,3.82200674,3.54010604,36538,659,31,9009,32790,0,0,45547,171616.55997427
2020-05-03,3.8244166842,3.72216936,3.86686058,3.66834497,27522,485,30,5779,21798,0,0,33301,123951.96185736
2020-05-02,3.78399418508,3.82218269,3.86751878745,3.76922017,17172,305,25,5695,21692,0,0,22867,87401.85157222999
2020-05-01,3.71909949407,3.7831845,3.91173129044,3.71909949407,39618,714,35,8092,31184,0,0,47710,180495.732495
2020-04-30,3.9028544156700002,3.72047673,3.95999549,3.68666416879,35831,632,35,13167,50692,0,0,48998,182295.91881654
2020-04-29,3.67072969018,3.90606859,3.96384497198,3.64783468,24824,449,35,13609,51229,0,0,38433,150121.93411946998
2020-04-28,3.64549393661,3.67532463,3.73389607,3.59882366501,478,8,43,9183,33646,0,0,9661,35507.31125043
2020-04-27,3.72262392807,3.64189852,3.74260983,3.49839591,0,0,28,4805,17350,0,0,4805,17499.322388599998
2020-04-26,3.8023792800000003,3.7167778399999998,3.83033726664,3.69888869,0,0,36,8715,32533,0,0,8715,32391.7188756
2020-04-25,3.8005342,3.80308828,3.88645547155,3.77848826384,0,0,35,3584,13737,0,0,3584,13630.26839552
2020-04-24,3.7377068247,3.80456256161,3.89238388422,3.7377068247,0,0,39,6462,24761,0,0,6462,24585.08327312382
2020-04-23,3.67874417989,3.72501039,3.8186437965,3.63549736511,0,0,42,5526,20574,0,0,5526,20584.407415140002
2020-04-22,3.47786500085,3.67881461,3.69372671646,3.46297448,0,0,23,6857,24891,0,0,6857,25225.63178077
2020-04-21,3.45598915426,3.47627879,3.57741772902,3.43695289772,0,0,27,1931,6711,0,0,1931,6712.6943434899995
2020-04-20,3.63778539134,3.45832739,3.78201036951,3.43572089883,0,0,26,2386,8616,0,0,2386,8251.56915254
2020-04-19,3.78114347516,3.63756829,3.8051357599999998,3.59250086,0,0,38,1905,6927,0,0,1905,6929.56759245
2020-04-18,3.48376911,3.78345863,3.80048572,3.47918233396,0,0,38,4200,15206,0,0,4200,15890.526246000001
2020-04-17,3.48137701,3.47704575,3.52468449974,3.4116050278,0,0,50,4676,16231,0,0,4676,16258.665927
2020-04-16,3.10002565377,3.47483102868,3.5124193138699997,3.02588029,0,0,44,7196,24336,0,0,7196,25004.884082381282
2020-04-15,3.22890371,3.12901549,3.30620201841,3.12901549,0,0,36,7869,25259,0,0,7869,24622.22289081
2020-04-14,3.37317399753,3.24069341222,3.43815414984,3.23080530572,0,0,38,4755,15710,0,0,4755,15409.4971751061
2020-04-13,3.44048912541,3.36980461,3.44605529,3.30796706533,0,0,49,4520,15059,0,0,4520,15231.5168372
2020-04-12,3.28806587736,3.46261159,3.58992097,3.18614057,0,0,53,18263,49181,0,0,18263,63237.67546817
2020-04-11,3.23609557259,3.28231322,3.42474634925,3.08901777615,0,0,43,15456,51095,0,0,15456,50731.43312831999
2020-04-10,3.32431642,3.21709971,3.32745323038,2.97540406077,0,0,60,8512,26706,0,0,8512,27383.95273152
2020-04-09,3.15063186,3.32221456915,3.4436943512,3.13578068,0,0,58,16496,54704,0,0,16496,54803.2515326984
2020-04-08,2.7218085693600003,3.13904086,3.24049803,2.7146442568299998,0,0,39,11684,35782,0,0,11684,36676.553408240005
2020-04-07,2.53521768,2.71798532,2.86808654,2.53521768,0,0,31,4231,11721,0,0,4231,11499.79588892
2020-04-06,2.2781219035599998,2.51341431,2.5156885,2.27785027,0,0,19,7988,19341,0,0,7988,20077.15350828
2020-04-05,2.325268,2.27732502,2.32601609256,2.26320427,0,0,9,1692,3875,0,0,1692,3853.23393384
2020-04-04,2.30397413405,2.3262131200000002,2.32632678,2.27144894,0,0,6,725,1664,0,0,725,1686.5045120000002
2020-04-03,2.30052307,2.30506691,2.3788240800000002,2.28705467,0,0,10,914,2120,0,0,914,2106.8311557399998
2020-04-02,2.28321436842,2.3017092,2.38752901,2.26634851,0,0,33,2765,6377,0,0,2765,6364.225938
2020-04-01,2.28062334,2.2782597,2.2939798425199998,2.16149771,0,0,9,365,817,0,0,365,831.5647905
2020-03-31,2.14620207808,2.27034353,2.27546682226,2.12332001887,0,0,10,920,1967,0,0,920,2088.7160476
2020-03-30,2.0258035,2.15332009,2.1822319,2.01548033163,0,0,10,3400,7231,0,0,3400,7321.2883059999995
2020-03-29,2.1367501,2.02516823,2.15138502,2.02447640355,0,0,1,48,102,0,0,48,97.20807503999998
2020-03-28,2.17828578304,2.13671106,2.17828578304,2.0665473,0,0,4,548,1159,0,0,548,1170.91766088
2020-03-27,2.30453808,2.17497064,2.33562816,2.17497064,0,0,3,4479,10177,0,0,4479,9741.693496560001
2020-03-26,2.25984778862,2.29513768,2.29513768,2.22895523458,0,0,5,921,2091,0,0,921,2113.82180328
2020-03-25,2.31326057409,2.25967506,2.32674692,2.21682886381,0,0,3,1239,2805,0,0,1239,2799.73739934
2020-03-24,2.23499743951,2.30789666,2.35865194184,2.19989346698,0,0,3,614,1416,0,0,614,1417.04854924
2020-03-23,1.99263757647,2.2377927,2.2377927,1.94943543914,0,0,8,1614,3519,0,0,1614,3611.7974178
2020-03-22,2.27407279553,1.98886538,2.31480075,1.96413531319,0,0,14,3397,7337,0,0,3397,6756.17569586
2020-03-21,2.25815861441,2.27161538,2.33106773,2.12999086503,0,0,4,2825,6590,0,0,2825,6417.3134485
2020-03-20,2.253060112,2.24790017,2.5975966014000003,2.0948016799999998,0,0,13,4036,9349,0,0,4036,9072.52508612
2020-03-19,1.89982630363,2.24666629,2.34381353645,1.88340661,0,0,8,5720,12626,0,0,5720,12850.9311788
2020-03-18,1.8392286442099999,1.88770024,1.90487588,1.78835821,0,0,10,2365,4601,0,0,2365,4464.4110676
2020-03-17,1.7807062781,1.842805,2.04624090908,1.75712646213,0,0,9,1980,3887,0,0,1980,3648.7539
2020-03-16,2.10585782032,1.77987702,2.10585782032,1.59966610416,0,0,6,9232,15258,0,0,9232,16431.82464864
2020-03-15,2.14363097487,2.10921103,2.3412548,2.05002875218,0,0,6,1332,2842,0,0,1332,2809.46909196
2020-03-14,2.42585691977,2.14351763,2.50060467,2.10145555,0,0,4,201,444,0,0,201,430.84704363
2020-03-13,2.0892267,2.42113454,2.71125449238,1.50686783,0,0,14,11264,26010,0,0,11264,27271.659458560003
2020-03-12,3.82562583767,2.06342105624,3.83406802,1.96829263,0,0,17,9856,26588,0,0,9856,20337.077930301442
2020-03-11,4.08752107038,3.81751671,4.10682811985,3.61041682,0,0,13,3168,12101,0,0,3168,12093.89293728
2020-03-10,4.10284344126,4.08493172,4.2032,3.95245002,0,0,21,1812,7349,0,0,1812,7401.89627664
2020-03-09,4.11982778524,4.06391531,4.33881163,3.6761382722600002,0,0,14,2066,8642,0,0,2066,8396.049030459999
2020-03-08,4.33234201,4.08967065,4.43200635283,3.90928078,0,0,12,2271,9589,0,0,2271,9287.64204615
2020-03-07,4.67475055579,4.34459305,4.67899424147,4.34052383,0,0,22,2831,13071,0,0,2831,12299.54292455
2020-03-06,4.71826588243,4.67849758,4.74380955,4.57016621906,0,0,23,2653,12517,0,0,2653,12412.05407974
2020-03-05,4.65358873684,4.72125439,4.88531472,4.64393990549,0,0,43,4819,23111,0,0,4819,22751.724905410003
2020-03-04,4.59413467506,4.64487142,4.94843467,4.57726999938,0,0,13,714,3352,0,0,714,3316.43819388
2020-03-03,4.21584058767,4.58363194,4.64782598,4.15610181,0,0,4,441,1883,0,0,441,2021.38168554
2020-03-02,3.86867694978,4.21500712,4.30965872,3.83206702,0,0,6,9677,39756,0,0,9677,40788.62390024
2020-03-01,4.09846852,3.87953259,4.20423703,3.81050267,0,0,6,194,746,0,0,194,752.62932246
2020-02-29,4.17298987652,4.1085409,4.35139967,4.1085409,0,0,17,6392,27294,0,0,6392,26261.7934328
2020-02-28,3.94233640378,4.16191001,4.19926149,3.78872501,0,0,7,3053,12039,0,0,3053,12706.31126053
2020-02-27,3.57392779931,3.94859523,4.1097446275,3.45867820817,0,0,11,4064,15753,0,0,4064,16047.09101472
2020-02-26,3.50093477055,3.60072471,3.8260789702,3.34066914,0,0,15,1238,4409,0,0,1238,4457.69719098
2020-02-25,3.91534311672,3.5131040799999997,3.95299393,3.5131040799999997,0,0,47,6270,23090,0,0,6270,22027.162581599998
2020-02-24,4.23112457,3.91367262,4.2688983391,3.82549206,0,0,31,2224,8614,0,0,2224,8704.00790688
2020-02-23,4.1074588399,4.24132971284,4.35618314,4.08762881,0,0,7,1582,6839,0,0,1582,6709.78360571288
2020-02-22,4.27945139,4.10293721,4.33569183,4.06970782,0,0,3,930,3879,0,0,930,3815.7316053000004
2020-02-21,4.27254923,4.29408261697,4.48215155744,4.21217656139,0,0,4,71,303,0,0,71,304.87986580487
2020-02-20,4.38640647,4.27136868,4.45808662393,4.12858326557,0,0,13,333,1441,0,0,333,1422.36577044
2020-02-19,4.54817599742,4.4013259,4.81628662279,4.36323018881,0,0,10,1783,8188,0,0,1783,7847.5640797
2020-02-18,4.29766560724,4.54379655,4.58648515197,4.15808204,0,0,12,2390,11147,0,0,2390,10859.6737545
2020-02-17,4.48331748512,4.29700866,4.54565646184,3.88699355234,0,0,4,991,4368,0,0,991,4258.33558206
2020-02-16,4.29889106269,4.50417141,4.8309791,4.17875862,0,0,11,1843,8410,0,0,1843,8301.18790863
2020-02-15,4.4172618,4.30466068,4.60699622022,4.12238516,0,0,8,4160,18242,0,0,4160,17907.388428799997
2020-02-14,3.87765056,4.41437329,4.46794845549,3.81393912,0,0,51,50358,222825,0,0,50358,222299.01013782
2020-02-13,4.01480885,3.87510770678,4.09156529,3.77364885,0,0,3,907,3629,0,0,907,3514.72269004946
2020-02-12,4.00566075,4.01729210708,4.19423282,3.86882614826,0,0,4,1250,4859,0,0,1250,5021.61513385
2020-02-11,3.40111909,3.97555867,3.97555867081,3.3579994,0,0,4,1095,4027,0,0,1095,4353.23674365
2020-02-10,3.48499488652,3.4108350094,3.48499488652,3.29325640752,0,0,10,1154,3940,0,0,1154,3936.1036008476
2020-02-09,3.41055773315,3.47731287,3.47731287,3.27160844,0,0,16,13854,47450,0,0,13854,48174.69250098
2020-02-08,3.32343725,3.41445737,3.45172804256,3.15312390211,0,0,13,10154,36026,0,0,10154,34670.40013498
2020-02-07,2.88355245376,3.3085318,3.34903762,2.88355245376,0,0,8,1502,4797,0,0,1502,4969.4147636
2020-02-06,2.84607903,2.8846819,2.92970563233,2.810487,0,0,3,82,238,0,0,82,236.54391579999998
2020-02-05,2.7409153,2.8452501203000002,2.87431878,2.73070111,0,0,3,40,114,0,0,40,113.81000481200002
2020-02-04,2.7718025600000002,2.74007230679,2.79946353012,2.68693773012,0,0,0,0,0,0,0,0,0.0
2020-02-03,2.8312539775000003,2.7746774475400002,2.86296889,2.75812128,0,0,0,0,0,0,0,0,0.0
2020-02-02,2.83948891049,2.83258143,2.89239998,2.73974346471,0,0,0,0,0,0,0,0,0.0
2020-02-01,2.82436273396,2.8389531999999997,2.87288239,2.75541887949,0,0,3,1003,2847,0,0,1003,2847.4700596
2020-01-31,2.91478879908,2.82379137,2.9147888,2.7829208041699998,0,0,3,42,120,0,0,42,118.59923753999999
2020-01-30,2.78124401,2.91298812,2.93719772422,2.72433495674,0,0,0,0,0,0,0,0,0.0
2020-01-29,2.65957268,2.78240467989,2.8109162899999998,2.64805923543,0,0,1,75,200,0,0,75,208.68035099175
2020-01-28,2.612556,2.65560997495,2.66738507069,2.60013781,0,0,0,0,0,0,0,0,0.0
2020-01-27,2.57390585543,2.60965199,2.67670743363,2.57390585543,0,0,1,43,111,0,0,43,112.21503557000001
2020-01-26,2.45127939792,2.57158166,2.57270108113,2.4375823307899998,0,0,0,0,0,0,0,0,0.0
2020-01-25,2.5071269000000003,2.45652584,2.51165347,2.42891725,0,0,0,0,0,0,0,0,0.0
2020-01-24,2.4646823299,2.50438961,2.52990845327,2.37550479339,0,0,0,0,0,0,0,0,0.0
2020-01-23,2.64652197301,2.46210877,2.64882529529,2.43739411,0,0,3,1638,4099,0,0,1638,4032.93416526
2020-01-22,2.6772967100000002,2.64558174,2.68486049,2.62606312746,0,0,2,445,1195,0,0,445,1177.2838743
2020-01-21,2.6924054699999997,2.6780334856,2.73466674081,2.58494916,0,0,1,3,9,0,0,3,8.0341004568
2020-01-20,2.62403551,2.69729864,2.73743442119,2.5541384000000003,0,0,1,6,16,0,0,6,16.18379184
2020-01-19,2.77622151,2.61895081,2.83699289,2.55874655528,0,0,1,189,492,0,0,189,494.98170309
2020-01-18,2.6969429700000003,2.77640722606,2.78857479303,2.61220129,0,0,0,0,0,0,0,0,0.0
2020-01-17,2.49530326,2.72410907,2.8306495933,2.46712315,0,0,1,34,93,0,0,34,92.61970837999999
2020-01-16,2.40405218365,2.48447858,2.50026081567,2.29782174,0,0,2,1219,2995,0,0,1219,3028.5793890200002
2020-01-15,2.37194864,2.40497726,2.56721926,2.36268672981,0,0,2,139,341,0,0,139,334.29183914
2020-01-14,2.19035848,2.38350769482,2.45069671687,2.18193026,0,0,4,3199,7335,0,0,3199,7624.84111572918
2020-01-13,2.2376103,2.19245327,2.24049838356,2.16421794,0,0,2,1683,3651,0,0,1683,3689.8988534100004
2020-01-12,2.27830959964,2.24389159273,2.31045996,2.22688561302,0,0,0,0,0,0,0,0,0.0
2020-01-11,2.22269884306,2.28324698,2.33492205,2.22269884306,0,0,0,0,0,0,0,0,0.0
2020-01-10,2.19697798043,2.22395934,2.25864421,2.16184505,0,0,2,303,691,0,0,303,673.85968002
2020-01-09,2.18644643276,2.1860488399999998,2.2326946889,2.11458561,0,0,0,0,0,0,0,0,0.0
2020-01-08,2.11122896,2.18360578,2.32842251191,2.10991546,0,0,3,1163,2473,0,0,1163,2539.53352214
2020-01-07,1.9389975047,2.11311871315,2.12383856,1.90626795245,0,0,1,400,770,0,0,400,845.24748526
2020-01-06,1.80865659497,1.9367822639,1.93767123984,1.80865659497,0,0,0,0,0,0,0,0,0.0
2020-01-05,1.8416022060600001,1.8089814308199998,1.85480338417,1.8044574470299999,0,0,2,84,153,0,0,84,151.95444018888
2020-01-04,1.80866260621,1.83887879162,1.8498715856899999,1.79023059882,0,0,1,74,133,0,0,74,136.07703057988
2020-01-03,1.74180706925,1.81099747323,1.82580018244,1.7140169644299998,0,0,2,161,290,0,0,161,291.57059319003
2020-01-02,1.8076675932500001,1.74114365074,1.8134808707,1.72165803478,0,0,4,875,1556,0,0,875,1523.5006943975
2020-01-01,1.76900795006,1.80534660929,1.8509351778699998,1.76401728416,0,0,0,0,0,0,0,0,0.0
2019-12-31,1.83777373931,1.76965005098,1.84027786227,1.76317367546,0,0,5,1846,3214,0,0,1846,3266.77399410908
2019-12-30,1.8984752656400001,1.84014908801,1.9056351660300002,1.83207128516,0,0,0,0,0,0,0,0,0.0
2019-12-29,1.87781877847,1.90267256529,1.91889480655,1.86015235328,0,0,0,0,0,0,0,0,0.0
2019-12-28,1.88657304557,1.87433756185,1.90855041612,1.87024679075,0,0,1,1245,2350,0,0,1245,2333.55026450325
2019-12-27,1.86075469203,1.88818319418,1.9458124516500002,1.85428605675,0,0,1,107,200,0,0,107,202.03560177726
2019-12-26,1.80464269447,1.86600831305,1.94012277711,1.7874858920499999,0,0,1,0,0,0,0,0,0.0
2019-12-25,1.85928441561,1.80817185913,1.85928441561,1.78858994538,0,0,0,0,0,0,0,0,0.0
2019-12-24,1.87755255597,1.86062190521,1.8857580888,1.8353219270699999,0,0,1,0,0,0,0,0,0.0
2019-12-23,1.93461986276,1.87715833911,1.9561076843,1.86173969078,0,0,0,0,0,0,0,0,0.0
2019-12-22,1.8746125175300001,1.93722453552,1.94452713271,1.87175562016,0,0,6,2068,4115,0,0,2068,4006.18033945536
2019-12-21,1.92402791833,1.87273150082,1.92830628298,1.87266622975,0,0,0,0,0,0,0,0,0.0
2019-12-20,1.82143625356,1.92382654244,1.92382654244,1.8026252567799999,0,0,0,0,0,0,0,0,0.0
2019-12-19,1.88046090843,1.82026582853,1.88834422191,1.7480713033200002,0,0,3,35,62,0,0,35,63.70930399855
2019-12-18,1.74835735789,1.88117395243,1.88117395243,1.6575741608899999,0,0,3,1008,1826,0,0,1008,1896.22334404944
2019-12-17,1.98277172394,1.74583573052,2.0060239346,1.72549787165,0,0,4,1104,1923,0,0,1104,1927.40264649408
2019-12-16,2.08675847256,1.98247722701,2.08675847256,1.97733942842,0,0,0,0,0,0,0,0,0.0
2019-12-15,2.00923620802,2.0868401698,2.11845254958,1.98360276175,0,0,0,0,0,0,0,0,0.0
2019-12-14,2.07772104367,2.01056397086,2.09398534512,1.9925026104399999,0,0,0,0,0,0,0,0,0.0
2019-12-13,2.11947159339,2.07732354361,2.13052475865,2.0737256676,0,0,5,51,107,0,0,51,105.94350072411
2019-12-12,2.17918500972,2.11907129302,2.19445037589,2.05834078592,0,0,0,0,0,0,0,0,0.0
2019-12-11,2.27514138044,2.1759608678,2.29550053829,2.15594461474,0,0,0,0,0,0,0,0,0.0
2019-12-10,2.09290420074,2.27065695432,2.27645479531,2.06747645549,0,0,0,0,0,0,0,0,0.0
2019-12-09,2.05738008983,2.09103155718,2.09261668504,2.0230212475,0,0,5,53,109,0,0,53,110.82467253054
2019-12-08,2.06069981087,2.05820823084,2.09116595464,2.02866155106,0,0,0,0,0,0,0,0,0.0
2019-12-07,2.09656274999,2.06119202464,2.10774410088,2.05488977487,0,0,0,0,0,0,0,0,0.0
2019-12-06,2.02537034395,2.09244189683,2.10438040046,1.98842905601,0,0,19,495,1008,0,0,495,1035.75873893085
2019-12-05,2.04032683543,2.02580749308,2.10508036256,1.97276482722,0,0,1,0,1,0,0,0,0.0
2019-12-04,2.13048389566,2.0486519358,2.13448044433,2.01911162517,0,0,1,27,59,0,0,27,55.31360226660001
2019-12-03,2.09482629054,2.12998516646,2.19298454294,2.05054651265,0,0,0,0,0,0,0,0,0.0
2019-12-02,2.16744735386,2.09497572065,2.17490209975,2.06531635664,0,0,0,0,0,0,0,0,0.0
2019-12-01,2.2411532044699998,2.16713155432,2.2411532044699998,2.1417420758,0,0,0,0,0,0,0,0,0.0
2019-11-30,2.34224644162,2.24207609749,2.35649006476,2.21651386917,0,0,0,0,0,0,0,0,0.0
2019-11-29,2.27847527397,2.34262031338,2.3616702401,2.26966980503,0,0,11,26,64,0,0,26,60.90812814788
2019-11-28,2.2312708303,2.27192513303,2.32704376846,2.19327563479,0,0,1,15,35,0,0,15,34.078876995449995
2019-11-27,2.25952736779,2.22916582871,2.28741266754,2.13969947008,0,0,1,8,19,0,0,8,17.83332662968
2019-11-26,2.26675586439,2.27642836248,2.35630578901,2.17989283915,0,0,1,385,873,0,0,385,876.4249195548
2019-11-25,2.26183422546,2.27506513547,2.37922482562,2.05664761406,0,0,2,2,4,0,0,2,4.55013027094
2019-11-24,2.4508268891,2.25579032826,2.45846021249,2.25579032826,0,0,4,650,1471,0,0,650,1466.2637133689998
2019-11-23,2.3514584473299998,2.44742420641,2.4608641027,2.2738791983,0,0,2,384,918,0,0,384,939.81089526144
2019-11-22,2.5504166490899998,2.35186487704,2.5891868263299997,2.17228977039,0,0,5,2348,5414,0,0,2348,5522.1787312899205
2019-11-21,2.71151086239,2.54966748269,2.71232725441,2.48555404662,0,0,1,802,1939,0,0,802,2044.83332111738
2019-11-20,2.7591102063,2.70826636514,2.83131630466,2.66157990931,0,0,0,0,0,0,0,0,0.0
2019-11-19,2.82480955562,2.75657045636,2.86041308711,2.6152040101200003,0,0,0,0,0,0,0,0,0.0
2019-11-18,2.93233327934,2.8266100025,2.97867774668,2.77000490571,0,0,0,0,0,0,0,0,0.0
2019-11-17,3.00428828038,2.93189130019,3.00428828038,2.90424164704,0,0,1,1,2,0,0,1,2.93189130019
2019-11-16,3.03679637617,3.01033132068,3.04705179683,2.93845875544,0,0,0,0,0,0,0,0,0.0
2019-11-15,3.06545627667,3.0351522806,3.08441378086,2.8707350587500002,0,0,0,0,0,0,0,0,0.0
2019-11-14,3.01581939736,3.06303569628,3.1782522004900002,2.95766123754,0,0,0,0,0,0,0,0,0.0
2019-11-13,2.81433396047,3.0189696114,3.06705271258,2.79111528507,0,0,3,755,2107,0,0,755,2279.322056607
2019-11-12,2.74946762207,2.81781138651,2.86515939303,2.74315630206,0,0,2,2,7,0,0,2,5.63562277302
2019-11-11,2.78253577289,2.750325933,2.78253577289,2.69069710515,0,0,0,0,0,0,0,0,0.0
2019-11-10,2.80750547933,2.78264568849,2.847332684,2.74191183988,0,0,0,0,0,0,0,0,0.0
2019-11-09,2.7159445398799997,2.8035117014099997,2.85696043885,2.71569590534,0,0,0,0,0,0,0,0,0.0
2019-11-08,2.69020066438,2.71664107869,2.72991469323,2.64344222847,0,0,0,0,0,0,0,0,0.0
2019-11-07,2.7411702636,2.6907416055,2.74833459889,2.63239282418,0,0,1,2,5,0,0,2,5.381483211
2019-11-06,2.6825445273,2.74021515571,2.80955078675,2.65801334279,0,0,0,0,0,0,0,0,0.0
2019-11-05,2.68361458457,2.6826620439,2.69993974299,2.64259731122,0,0,0,0,0,0,0,0,0.0
2019-11-04,2.67019012148,2.68675194325,2.7284656161900003,2.6482076063299997,0,0,1,304,805,0,0,304,816.772590748
2019-11-03,2.71622219581,2.67179782436,2.71938932653,2.6471361672800002,0,0,0,0,0,0,0,0,0.0
2019-11-02,2.71775924669,2.71036613087,2.75684456209,2.69104048024,0,0,1,3,8,0,0,3,8.13109839261
2019-11-01,2.7402497256,2.71949695672,2.79513946523,2.66252996295,0,0,0,0,0,0,0,0,0.0
2019-10-31,2.62405039789,2.73792997355,2.7573530433,2.55790373477,0,0,1,414,1099,0,0,414,1133.5030090497
2019-10-30,2.66791159351,2.62421141327,2.67554196217,2.53015637179,0,0,0,0,0,0,0,0,0.0
2019-10-29,2.66936280378,2.67004416876,2.76879825243,2.65583633988,0,0,2,0,0,0,0,0,0.0
2019-10-28,2.67507670966,2.67197394523,2.89128336015,2.6707556333699998,0,0,0,0,0,0,0,0,0.0
2019-10-27,2.74325822817,2.67546150765,2.76545249084,2.6409797947399998,0,0,0,0,0,0,0,0,0.0
2019-10-26,2.8396715388300002,2.75199689599,2.99283922026,2.67509825744,0,0,7,1201,3625,0,0,1201,3305.14827208399
2019-10-25,2.74758515976,2.83784061145,2.92825808623,2.64662347661,0,0,4,29,78,0,0,29,82.29737773205
2019-10-24,2.61520587026,2.75163190032,2.78794485217,2.61520587026,0,0,1,501,1291,0,0,501,1378.56758206032
2019-10-23,2.61313979074,2.6124985859,2.69296034047,2.4337817144000002,0,0,0,0,0,0,0,0,0.0
2019-10-22,2.63644379464,2.60554810388,2.82278580102,2.58501749807,0,0,0,0,0,0,0,0,0.0
2019-10-21,2.44258585975,2.63204436932,2.67426582377,2.43997584394,0,0,2,348,885,0,0,348,915.95144052336
2019-10-20,2.36095355588,2.44146408183,2.44146408183,2.30430061036,0,0,0,0,0,0,0,0,0.0
2019-10-19,2.36336414198,2.35945732158,2.39881466635,2.30250573656,0,0,0,0,0,0,0,0,0.0
2019-10-18,2.43218539704,2.35856744636,2.50493202056,2.33549022616,0,0,1,4,10,0,0,4,9.43426978544
2019-10-17,2.37915597748,2.42411277203,2.48430801129,2.29871934074,0,0,0,0,0,0,0,0,0.0
2019-10-16,2.40042032957,2.39124881671,2.41548333402,2.20435633761,0,0,5,1611,3496,0,0,1611,3852.30184371981
2019-10-15,2.5413531152599997,2.39479193966,2.5952693134300002,2.3519021646400002,0,0,0,0,0,0,0,0,0.0
2019-10-14,2.49789454462,2.53966717307,2.65903815134,2.47119207998,0,0,0,0,0,0,0,0,0.0
2019-10-13,2.60268393949,2.49745815388,2.64665692533,2.45987752015,0,0,0,0,0,0,0,0,0.0
2019-10-12,2.77215369537,2.60712324319,2.77215369537,2.57790668393,0,0,0,0,0,0,0,0,0.0
2019-10-11,2.6399787417000002,2.77236063214,2.80555037163,2.59490515053,0,0,1,5,13,0,0,5,13.8618031607
2019-10-10,2.80673553962,2.6354876779,2.80755348031,2.50132575808,0,0,1,2,5,0,0,2,5.2709753558
2019-10-09,2.6007006154,2.8038526197099998,2.93917673187,2.52585076155,0,0,1,164,427,0,0,164,459.83182963243996
2019-10-08,2.40446408711,2.57811099827,2.62746853595,2.28243617467,0,0,1,150,370,0,0,150,386.71664974050003
2019-10-07,2.19194329878,2.40185892281,2.48847256967,2.1291452199,0,0,0,0,0,0,0,0,0.0
2019-10-06,1.9635001808800001,2.18810251235,2.26863572032,1.9635001808800001,0,0,1,129,264,0,0,129,282.26522409315
2019-10-05,1.97740443526,1.96600398967,1.98197880349,1.92217545306,0,0,1,4,8,0,0,4,7.86401595868
2019-10-04,1.9510769118,1.97881777731,1.99840792629,1.9128655025099999,0,0,1,5,9,0,0,5,9.89408888655
2019-10-03,2.02910372482,1.9511028718999999,2.03478896056,1.90459616509,0,0,3,1458,2823,0,0,1458,2844.7079872301997
2019-10-02,1.83766818007,2.01665999435,2.02111773635,1.82771645459,0,0,0,0,0,0,0,0,0.0
2019-10-01,1.76794855692,1.83930789329,1.8958027379,1.75826563935,0,0,1,5,9,0,0,5,9.19653946645
2019-09-30,1.71366862975,1.76350712993,1.7706911865300001,1.6514020303799999,0,0,0,0,0,0,0,0,0.0
2019-09-29,1.68712233777,1.71653589825,1.7536420447899999,1.67458030244,0,0,0,0,0,0,0,0,0.0
2019-09-28,1.6723423994000002,1.68736757816,1.70797070344,1.6553033586199999,0,0,0,0,0,0,0,0,0.0
2019-09-27,1.65559619988,1.6701612781000001,1.67634379784,1.57764854553,0,0,2,2,3,0,0,2,3.3403225562000003
2019-09-26,1.7588903281300001,1.65897596456,1.76314770839,1.55768960868,0,0,0,0,0,0,0,0,0.0
2019-09-25,1.7400182494799998,1.76018853099,1.92764967703,1.6523542342100002,0,0,0,0,0,0,0,0,0.0
2019-09-24,1.80510343298,1.73580925687,2.05491584168,1.62270358905,0,0,2,813,1359,0,0,813,1411.21292583531
2019-09-23,1.8171219401,1.80734740802,1.88727060209,1.78828416593,0,0,0,0,0,0,0,0,0.0
2019-09-22,1.8864307712700001,1.82140037856,1.8889014901099999,1.78272227712,0,0,1,5,9,0,0,5,9.1070018928
2019-09-21,1.8251947343000001,1.88940549405,1.88940549405,1.80027370992,0,0,0,0,0,0,0,0,0.0
2019-09-20,1.87886108007,1.82775047503,1.87886108007,1.76612596378,0,0,0,0,0,0,0,0,0.0
2019-09-19,1.80957626919,1.87586980113,1.90779223396,1.75348360518,0,0,3,55,99,0,0,55,103.17283906214999
2019-09-18,1.62612203685,1.80982082391,1.84793013701,1.62529863871,0,0,1,2,3,0,0,2,3.61964164782
2019-09-17,1.5821530240500001,1.6294376987599999,1.66015849252,1.5622209736400001,0,0,0,0,0,0,0,0,0.0
2019-09-16,1.61852396312,1.58143503339,1.6406585330499999,1.5541601325899999,0,0,0,0,0,0,0,0,0.0
2019-09-15,1.5736201732600001,1.61752526208,1.64749329926,1.56606269157,0,0,0,0,0,0,0,0,0.0
2019-09-14,1.58007726941,1.56510499627,1.63388476875,1.5394510643200001,0,0,1,446,722,0,0,446,698.0368283364201
2019-09-13,1.70928718484,1.58093309257,1.71301201217,1.5258688923100001,0,0,1,452,708,0,0,452,714.5817578416401
2019-09-12,1.73499870781,1.7076393377299999,1.7463739786099999,1.69538327713,0,0,0,0,0,0,0,0,0.0
2019-09-11,1.80153477112,1.73482677359,1.82532453353,1.72439184569,0,0,0,0,0,0,0,0,0.0
2019-09-10,1.79264853406,1.8021302795,1.82811635592,1.78604099567,0,0,1,0,0,0,0,0,0.0
2019-09-09,1.83544827291,1.79689270327,1.8705301137900001,1.7712641528900002,0,0,0,0,0,0,0,0,0.0
2019-09-08,1.7768736984,1.83096430826,1.90179314944,1.7768736984,0,0,0,0,0,0,0,0,0.0
2019-09-07,1.7292598186,1.7769603716,1.80969521178,1.71975470324,0,0,0,0,0,0,0,0,0.0
2019-09-06,1.7976907414399999,1.72902477345,1.8209215910799998,1.7108786015000002,0,0,0,0,0,0,0,0,0.0
2019-09-05,1.7841200611499999,1.79788363293,1.85914120424,1.7743893819699998,0,0,0,0,0,0,0,0,0.0
2019-09-04,1.85268278156,1.78524451902,1.8590309461799999,1.74924414196,0,0,0,0,0,0,0,0,0.0
2019-09-03,1.83285129131,1.85439319297,1.93095817271,1.82527067939,0,0,0,0,0,0,0,0,0.0
2019-09-02,1.77487689182,1.8334889194400001,1.88569707457,1.7417864882,0,0,0,0,0,0,0,0,0.0
2019-09-01,1.78963822498,1.7752172691900001,1.8025627049300001,1.73289939424,0,0,0,0,0,0,0,0,0.0
2019-08-31,1.79986764815,1.79023064781,1.84890371727,1.75096366704,0,0,2,92,167,0,0,92,164.70121959852
2019-08-30,1.78242210504,1.80638048678,1.88885827366,1.75245354693,0,0,0,0,0,0,0,0,0.0
2019-08-29,1.89975721508,1.78343260686,1.89975721508,1.75283543735,0,0,3,500,925,0,0,500,891.7163034299999
2019-08-28,2.1109690047,1.9003865581500001,2.1109690047,1.89231639641,0,0,0,0,0,0,0,0,0.0
2019-08-27,2.07767762129,2.10718134606,2.16400211796,2.02886144235,0,0,0,0,0,0,0,0,0.0
2019-08-26,2.08768342144,2.07684812142,2.16257221389,2.05668639642,0,0,2,42,86,0,0,42,87.22762109963999
2019-08-25,2.18502518795,2.08507735045,2.18746772813,2.04405640399,0,0,7,2234,4448,0,0,2234,4658.062800905301
2019-08-24,2.25335421505,2.18519223467,2.2615701957,2.17327461674,0,0,0,0,0,0,0,0,0.0
2019-08-23,2.22900819134,2.253302195,2.30719748798,2.18798249973,0,0,0,0,0,0,0,0,0.0
2019-08-22,2.22203766275,2.22958144148,2.28260681793,2.1650940651,0,0,0,0,0,0,0,0,0.0
2019-08-21,2.37686765731,2.21631395845,2.38800016635,2.17083673893,0,0,1,1,2,0,0,1,2.21631395845
2019-08-20,2.50489188572,2.38046271023,2.53547571666,2.36528623373,0,0,1,1,2,0,0,1,2.38046271023
2019-08-19,2.50437987809,2.50515183849,2.58882419696,2.45469800026,0,0,4,764,1972,0,0,764,1913.9360046063598
2019-08-18,2.3936946734499998,2.49963993513,2.5494179721,2.37374929379,0,0,8,1782,4483,0,0,1782,4454.35836440166
2019-08-17,2.32192002304,2.39338955483,2.39743957948,2.31103648886,0,0,0,0,0,0,0,0,0.0
2019-08-16,2.4124823215299998,2.32189341026,2.44473945988,2.2559209318,0,0,0,0,0,0,0,0,0.0
2019-08-15,2.28902921422,2.41274460261,2.43176243975,2.21873281337,0,0,6,1523,3289,0,0,1523,3674.6100297750304
2019-08-14,2.41658959465,2.27114827781,2.540318142,2.23425745756,0,0,2,294,680,0,0,294,667.71759367614
2019-08-13,2.3861820864,2.41307994085,2.44130928335,2.32303849347,0,0,0,0,0,0,0,0,0.0
2019-08-12,2.41324296191,2.37997778584,2.46128728687,2.34968653964,0,0,0,0,0,0,0,0,0.0
2019-08-11,2.31957675162,2.39683570398,2.47063544047,2.27583886801,0,0,1,335,812,0,0,335,802.9399608333
2019-08-10,2.18063082444,2.32256937472,2.38217863602,2.1527539224,0,0,1,11,26,0,0,11,25.54826312192
2019-08-09,2.28367208423,2.17915548876,2.29440896983,2.17194236369,0,0,0,0,0,0,0,0,0.0
2019-08-08,2.39766492619,2.28908391189,2.40141903958,2.28660883018,0,0,0,0,0,0,0,0,0.0
2019-08-07,2.46468994267,2.39185548038,2.49060668468,2.37433393193,0,0,0,0,0,0,0,0,0.0
2019-08-06,2.49537105464,2.46067008909,2.52172618988,2.35746335339,0,0,0,0,0,0,0,0,0.0
2019-08-05,2.50659256567,2.4820071330099998,2.62922992108,2.4820071330099998,0,0,1,1,2,0,0,1,2.4820071330099998
2019-08-04,2.43218259452,2.49768343048,2.59775474897,2.43112896028,0,0,0,0,0,0,0,0,0.0
2019-08-03,2.3839173050899998,2.42547936113,2.72676704582,2.34158055719,0,0,1,99,260,0,0,99,240.12245675186998
2019-08-02,2.17965605295,2.39867681876,2.4448857786,2.1519228462,0,0,47,11656,29248,0,0,11656,27958.97699946656
2019-08-01,2.20106753539,2.18125747684,2.22666882498,2.12472544335,0,0,7,3656,8204,0,0,3656,7974.67733532704
2019-07-31,2.08394975956,2.19683787361,2.21727135811,2.08020249167,0,0,0,0,0,0,0,0,0.0
2019-07-30,2.13948094184,2.08913880199,2.17602682722,2.01814775334,0,0,1,417,826,0,0,417,871.1708804298299
2019-07-29,2.22950107461,2.14151124259,2.2422299266,2.13178213122,0,0,2,150,332,0,0,150,321.2266863885
2019-07-28,2.26324342079,2.21704187121,2.28562003412,2.13498292079,0,0,0,0,0,0,0,0,0.0
2019-07-27,2.40178634301,2.25848024732,2.46059374106,2.23596270813,0,0,1,1,2,0,0,1,2.25848024732
2019-07-26,2.37808655328,2.4035616812600002,2.42567561059,2.3503371139600002,0,0,0,0,0,0,0,0,0.0
2019-07-25,2.40574014968,2.38317632197,2.51287681897,2.38317632197,0,0,1,354,894,0,0,354,843.64441797738
2019-07-24,2.3560763053200002,2.40539608435,2.46054101151,2.30284432554,0,0,0,0,0,0,0,0,0.0
2019-07-23,2.42489545842,2.37099089131,2.50277080385,2.25993279519,0,0,0,0,0,0,0,0,0.0
2019-07-22,2.55238665109,2.42572932169,2.58665733171,2.40213254296,0,0,0,0,0,0,0,0,0.0
2019-07-21,2.64275882629,2.5503552805,2.6683215753800003,2.49770994393,0,0,0,0,0,0,0,0,0.0
2019-07-20,2.62792520649,2.64464100963,2.7208863446500002,2.59945600748,0,0,0,0,0,0,0,0,0.0
2019-07-19,2.6841407353599998,2.6088510405500003,2.7509085240299997,2.52555147258,0,0,1,337,880,0,0,337,879.1828006653501
2019-07-18,2.41698211843,2.67909113789,2.77134769799,2.35670607596,0,0,0,0,0,0,0,0,0.0
2019-07-17,2.21042773712,2.37970432769,2.57102782153,2.06782470391,0,0,0,0,0,0,0,0,0.0
2019-07-16,2.72422128169,2.19765016243,2.76364183818,2.18438040856,0,0,0,0,0,0,0,0,0.0
2019-07-15,2.78327375872,2.72849241271,2.84583534243,2.60516629004,0,0,0,0,0,0,0,0,0.0
2019-07-14,3.16841854472,2.78738042646,3.24017373233,2.78088048168,0,0,3,390,1189,0,0,390,1087.0783663194
2019-07-13,3.18337340349,3.17048460635,3.26337046975,3.05616050162,0,0,1,21,68,0,0,21,66.58017673335
2019-07-12,2.82369007694,3.17385080953,3.2735621786899998,2.67135820593,0,0,1,5,18,0,0,5,15.869254047650001
2019-07-11,3.10931414565,2.82713991006,3.12885638428,2.77914389157,0,0,0,0,0,0,0,0,0.0
2019-07-10,3.1069707689,3.11833703596,3.22302316569,2.88389315922,0,0,5,934,2877,0,0,934,2912.52679158664
2019-07-09,3.33256055711,3.10823720735,3.37991478339,2.98212595632,0,0,8,2298,7133,0,0,2298,7142.729102490301
2019-07-08,3.31337046309,3.3413705657,3.55018261079,3.27275265081,0,0,1,5,16,0,0,5,16.7068528285
2019-07-07,3.4880372514399998,3.31435610578,3.5124676193099997,3.2843680812200002,0,0,2,178,598,0,0,178,589.95538682884
2019-07-06,3.61000961399,3.47687993803,3.62555853662,3.46312271154,0,0,0,0,0,0,0,0,0.0
2019-07-05,3.47281797223,3.62215344474,3.70087163999,3.44595349999,0,0,0,0,0,0,0,0,0.0
2019-07-04,3.52868423472,3.48489125655,3.61493652409,3.31123713261,0,0,1,62,220,0,0,62,216.0632579061
2019-07-03,3.64927791646,3.53316378078,3.7889583795,3.53027702033,0,0,1,20,77,0,0,20,70.6632756156
2019-07-02,3.60388330819,3.64543559775,3.79723303244,3.23970096077,0,0,0,0,0,0,0,0,0.0
2019-07-01,3.43704896989,3.59197344566,3.73492485931,2.96822420659,0,0,1,330,1192,0,0,330,1185.3512370678
2019-06-30,3.64035308601,3.44688878467,4.09305105973,3.39682232095,0,0,3,159,455,0,0,159,548.05531676253
2019-06-29,2.95750206687,3.70650510363,4.52517563358,2.91076167924,0,0,12,2565,9311,0,0,2565,9507.18559081095
2019-06-28,2.24751914478,2.96182569091,2.96586331102,2.17681838868,0,0,5,707,1726,0,0,707,2094.01076347337
2019-06-27,2.2536731014,2.26760597373,2.50436008165,2.08558452983,0,0,1,516,1186,0,0,516,1170.0846824446799
2019-06-26,2.1874577675699998,2.2615596142,2.37380939262,2.01461663335,0,0,2,170,436,0,0,170,384.465134414
2019-06-25,1.8604670588899999,2.18971177204,2.4090189730600002,1.85746461203,0,0,0,0,0,0,0,0,0.0
2019-06-24,1.8055667608400001,1.86033411784,1.88063988311,1.7932322318,0,0,0,0,0,0,0,0,0.0
2019-06-23,1.81729897163,1.80137450496,1.89622106359,1.76137295333,0,0,5,2033,3744,0,0,2033,3662.19436858368
2019-06-22,1.7015422961,1.83855336415,1.92824432625,1.69762513376,0,0,0,0,0,0,0,0,0.0
2019-06-21,1.7702046070300002,1.7028706434899998,1.78638988246,1.62385515674,0,0,1,700,1144,0,0,700,1192.0094504429999
2019-06-20,1.83689596187,1.7655505379799998,1.88177215847,1.69412080808,0,0,0,0,0,0,0,0,0.0
2019-06-19,1.8169736110199999,1.83844098878,1.90186252634,1.79975526502,0,0,0,0,0,0,0,0,0.0
2019-06-18,1.97552175619,1.8185369919399998,2.0260593418,1.77239285329,0,0,2,337,674,0,0,337,612.8469662837799
2019-06-17,1.67517092789,1.97163526701,2.02896084571,1.67517092789,0,0,0,0,0,0,0,0,0.0
2019-06-16,1.7118325216899999,1.6747065668999999,1.7805964731700001,1.6166319812899999,0,0,2,2,0,0,0,2,3.3494131337999997
2019-06-15,1.67835708709,1.72130299744,1.78270500781,1.62741836428,0,0,0,0,0,0,0,0,0.0
2019-06-14,1.88062844924,1.6765578963699999,1.88062844924,1.4687943803299999,0,0,0,0,0,0,0,0,0.0
2019-06-13,1.14730262766,1.84791993852,1.94560662716,1.12788950201,0,0,5,1083,1996,0,0,1083,2001.29729341716
2019-06-12,1.13731655741,1.1427589387800001,1.16360771043,1.10968561238,0,0,0,0,0,0,0,0,0.0
2019-06-11,1.19181226252,1.13830485511,1.19181226252,1.10482973421,0,0,0,0,0,0,0,0,0.0
2019-06-10,1.07411796644,1.19171550588,1.19434571339,1.05521321322,0,0,1,140,152,0,0,140,166.8401708232
2019-06-09,1.15163360937,1.0732529369,1.1549639528,1.03687338211,0,0,1,10,12,0,0,10,10.732529368999998
2019-06-08,1.17261285075,1.15261996376,1.19940276469,1.1351223281,0,0,0,0,0,0,0,0,0.0
2019-06-07,1.11225201523,1.17761262318,1.23932294005,1.08100615895,0,0,2,1087,1240,0,0,1087,1280.0649213966599
2019-06-06,1.07717775708,1.11963292446,1.23248408915,1.06456354526,0,0,0,0,0,0,0,0,0.0
2019-06-05,0.885700262048,1.07711790695,1.07711790695,0.885700262048,0,0,0,0,0,0,0,0,0.0
2019-06-04,0.893954725276,0.883250310255,0.931624625747,0.85740542513,0,0,0,0,0,0,0,0,0.0
2019-06-03,1.01222902482,0.910968799788,1.01222902482,0.904158094965,0,0,1,459,407,0,0,459,418.134679102692
2019-06-02,0.968047611152,1.01243420901,1.04414438454,0.950716320369,0,0,0,0,0,0,0,0,0.0
2019-06-01,1.02411529391,0.965132202368,1.05204705898,0.965121052435,0,0,1,20,20,0,0,20,19.30264404736
2019-05-31,1.02175366016,1.0215197012,1.05194920359,0.964007845454,0,0,1,620,644,0,0,620,633.342214744
2019-05-30,1.18472836722,1.02475095704,1.21962712807,0.984348293012,0,0,1,250,296,0,0,250,256.18773926
2019-05-29,1.27004759678,1.18278841033,1.27004759678,1.15528232011,0,0,0,0,0,0,0,0,0.0
2019-05-28,1.21271031692,1.27502620504,1.33331097248,1.15273666309,0,0,3,1999,2656,0,0,1999,2548.7773838749604
2019-05-27,1.09033272289,1.21101091632,1.25484504851,1.09033272289,0,0,2,1510,1740,0,0,1510,1828.6264836432001
2019-05-26,1.12737000452,1.08706537367,1.18264072997,1.04030173165,0,0,0,0,0,0,0,0,0.0
2019-05-25,1.32792978436,1.12931167727,1.33937800643,1.11428579973,0,0,0,0,0,0,0,0,0.0
2019-05-24,1.33982088557,1.33695991223,1.42365687902,1.24500121371,0,0,0,0,0,0,0,0,0.0
2019-05-23,1.21998021316,1.34499063114,1.36325626225,1.16641929757,0,0,0,0,0,0,0,0,0.0
2019-05-22,1.18346709907,1.22004352746,1.46610097629,1.15999983354,0,0,5,2423,2915,0,0,2423,2956.16546703558
2019-05-21,1.09713992902,1.18592317267,1.2312798974499999,1.06639519372,0,0,2,1426,1694,0,0,1426,1691.1264442274198
2019-05-20,0.993628798112,1.12893765303,1.12893765303,0.953603740254,0,0,1,285,280,0,0,285,321.74723111354996
2019-05-19,0.935832318313,0.994349991433,1.0417688388,0.929429665839,0,0,1,331,336,0,0,331,329.129847164323
2019-05-18,0.889154360751,0.935664592916,0.957589626591,0.861203682158,0,0,0,0,0,0,0,0,0.0
2019-05-17,0.927251158777,0.887730892631,0.978759778465,0.81125591067,0,0,1,270,242,0,0,270,239.68734101037
2019-05-16,0.844335949039,0.926124605861,0.930726376207,0.773683436557,0,0,0,0,0,0,0,0,0.0
2019-05-15,0.82525890941,0.845574079479,0.877250852261,0.786644576107,0,0,0,0,0,0,0,0,0.0
2019-05-14,0.64642909603,0.823081659415,0.920687470402,0.637219828652,0,0,0,0,0,0,0,0,0.0
2019-05-13,0.657862622059,0.64669673537,0.684658342063,0.644730470784,0,0,0,0,0,0,0,0,0.0
2019-05-12,0.685813269402,0.657990035887,0.695985692381,0.633102836543,0,0,0,0,0,0,0,0,0.0
2019-05-11,0.672427046105,0.678823365963,0.731141632903,0.656643723479,0,0,0,0,0,0,0,0,0.0
2019-05-10,0.639870135704,0.67154286274,0.722229352814,0.639870135704,0,0,0,0,0,0,0,0,0.0
2019-05-09,0.592595456426,0.639848603899,0.69651419793,0.589314520889,0,0,0,0,0,0,0,0,0.0
2019-05-08,0.540170635861,0.591537354559,0.610891141121,0.525769673382,0,0,3,1759,966,0,0,1759,1040.514206669281
2019-05-07,0.578241895835,0.544724346331,0.605574288502,0.544724346331,0,0,1,1894,1165,0,0,1894,1031.707911950914
2019-05-06,0.505411723205,0.578787829205,0.583561688626,0.492201267002,0,0,3,206,113,0,0,206,119.23029281623
2019-05-05,0.495390635468,0.506979141554,0.5209084625,0.491469569016,0,0,0,0,0,0,0,0,0.0
2019-05-04,0.510700695732,0.494994683742,0.514381792621,0.481570426318,0,0,0,0,0,0,0,0,0.0
2019-05-03,0.463218577424,0.512165029507,0.521107856729,0.460731133135,0,0,0,0,0,0,0,0,0.0
2019-05-02,0.475635552339,0.463421328032,0.47718712632,0.462704932413,0,0,0,0,0,0,0,0,0.0
2019-05-01,0.473556190571,0.476024757087,0.489426201939,0.467295556922,0,0,0,0,0,0,0,0,0.0
2019-04-30,0.433135112346,0.473169910346,0.473182113431,0.43295358041,0,0,6,7767,3557,0,0,7767,3675.110693657382
2019-04-29,0.448825999074,0.433501003357,0.45088655414,0.428720710387,0,0,2,1,0,0,0,1,0.433501003357
2019-04-28,0.441559778504,0.448738749769,0.457402546469,0.440383614317,0,0,1,2,1,0,0,2,0.897477499538
2019-04-27,0.437170606629,0.441522145228,0.459006706394,0.434103341198,0,0,0,0,0,0,0,0,0.0
2019-04-26,0.444180591326,0.436926445349,0.457116077138,0.425978916106,0,0,0,0,0,0,0,0,0.0
2019-04-25,0.478968747066,0.445505864514,0.500134979326,0.440754063802,0,0,0,0,0,0,0,0,0.0
2019-04-24,0.481610754712,0.478312668558,0.481610754712,0.446668612621,0,0,0,0,0,0,0,0,0.0
2019-04-23,0.495644729286,0.481482865972,0.503146707021,0.481482865972,0,0,0,0,0,0,0,0,0.0
2019-04-22,0.499337879176,0.496663647229,0.518363462051,0.489698548402,0,0,0,0,0,0,0,0,0.0
2019-04-21,0.516206065102,0.499498044065,0.516206065102,0.481329042346,0,0,0,0,0,0,0,0,0.0
2019-04-20,0.514077775169,0.515529181615,0.532094302467,0.508377628562,0,0,0,0,0,0,0,0,0.0
2019-04-19,0.523067016728,0.514269987674,0.537994879206,0.511034201254,0,0,0,0,0,0,0,0,0.0
2019-04-18,0.500446748149,0.523920243645,0.52436223003,0.500446748149,0,0,0,0,0,0,0,0,0.0
2019-04-17,0.502676748437,0.500259478198,0.507384294914,0.492188379582,0,0,0,0,0,0,0,0,0.0
2019-04-16,0.492764104814,0.503053655316,0.515619699147,0.491873899808,0,0,0,0,0,0,0,0,0.0
2019-04-15,0.528181337381,0.492213832888,0.528181337381,0.48557534691,0,0,0,0,0,0,0,0,0.0
2019-04-14,0.540199536447,0.528740487523,0.546823542721,0.512053250014,0,0,0,0,0,0,0,0,0.0
2019-04-13,0.49516480738,0.539207649152,0.540919475237,0.49516480738,0,0,0,0,0,0,0,0,0.0
2019-04-12,0.485055662227,0.49535019074,0.514637966817,0.461391847928,0,0,0,0,0,0,0,0,0.0
2019-04-11,0.521361061916,0.486122622375,0.521743214916,0.461751226909,0,0,0,0,0,0,0,0,0.0
2019-04-10,0.533650211709,0.520256904197,0.538582817064,0.518990983508,0,0,0,0,0,0,0,0,0.0
2019-04-09,0.567685296707,0.53444291001,0.567685296707,0.525419485803,0,0,2,1999,1096,0,0,1999,1068.35137710999
2019-04-08,0.578254809182,0.568899491702,0.585212347204,0.545636169818,0,0,0,0,0,0,0,0,0.0
2019-04-07,0.570050129651,0.577118591017,0.586351337632,0.569050771342,0,0,0,0,0,0,0,0,0.0
2019-04-06,0.577826465813,0.570109575343,0.586225823921,0.56288967001,0,0,0,0,0,0,0,0,0.0
2019-04-05,0.543192292036,0.577468264522,0.580434686949,0.543192292036,0,0,0,0,0,0,0,0,0.0
2019-04-04,0.564869991335,0.542240018876,0.583761414056,0.527055548062,0,0,0,0,0,0,0,0,0.0
2019-04-03,0.58398269972,0.564470913401,0.605050358289,0.552307656755,0,0,0,0,0,0,0,0,0.0
2019-04-02,0.555020661566,0.584279297229,0.600143090718,0.538438014959,0,0,0,0,0,0,0,0,0.0
2019-04-01,0.508160861116,0.556137820646,0.557899544533,0.502701114833,0,0,0,0,0,0,0,0,0.0
2019-03-31,0.493806449207,0.507613137005,0.534780835235,0.488119167978,0,0,0,0,0,0,0,0,0.0
2019-03-30,0.499082137908,0.494277774853,0.517915409611,0.484091828769,0,0,0,0,0,0,0,0,0.0
2019-03-29,0.503026310125,0.499502088528,0.504276357881,0.490940128908,0,0,1,3226,1660,0,0,3226,1611.3937375913279
2019-03-28,0.500560821589,0.503459360626,0.515642253804,0.492194757882,0,0,0,0,0,0,0,0,0.0
2019-03-27,0.464116765373,0.49987076768,0.503665562819,0.461458910692,0,0,0,0,0,0,0,0,0.0
2019-03-26,0.476081358612,0.463600843949,0.482511530949,0.453717879448,0,0,0,0,0,0,0,0,0.0
2019-03-25,0.457155286437,0.476395443212,0.491401316484,0.450292936129,0,0,0,0,0,0,0,0,0.0
2019-03-24,0.463183870806,0.456630688628,0.463754448766,0.452961710885,0,0,0,0,0,0,0,0,0.0
2019-03-23,0.46622823049,0.463083528121,0.467980894144,0.45914178524,0,0,0,0,0,0,0,0,0.0
2019-03-22,0.460016007673,0.466445765386,0.46931402259,0.452950436989,0,0,0,0,0,0,0,0,0.0
2019-03-21,0.486200711576,0.461060795862,0.48708452518,0.449624298741,0,0,0,0,0,0,0,0,0.0
2019-03-20,0.485133999043,0.486085922728,0.493948408685,0.478559085699,0,0,0,0,0,0,0,0,0.0
2019-03-19,0.480655319683,0.485390721465,0.485467848255,0.474221994862,0,0,0,0,0,0,0,0,0.0
2019-03-18,0.484229574147,0.480714048126,0.486447209231,0.471952178012,0,0,0,0,0,0,0,0,0.0
2019-03-17,0.485641744974,0.483684815102,0.488046140324,0.4773225371,0,0,0,0,0,0,0,0,0.0
2019-03-16,0.490123150777,0.485914660127,0.495906052641,0.477490904125,0,0,0,0,0,0,0,0,0.0
2019-03-15,0.490593028682,0.490086779461,0.497046764939,0.487662105332,0,0,0,0,0,0,0,0,0.0
2019-03-14,0.484472487759,0.491097481404,0.501846103103,0.480214830552,0,0,0,0,0,0,0,0,0.0
2019-03-13,0.488497795585,0.48450991425,0.4897517434,0.473362850398,0,0,0,0,0,0,0,0,0.0
2019-03-12,0.468988582056,0.488551861623,0.50667105834,0.461122534595,0,0,0,0,0,0,0,0,0.0
2019-03-11,0.502584488264,0.466762945781,0.516784647687,0.46276200457,0,0,0,0,0,0,0,0,0.0
2019-03-10,0.478048603603,0.50176812384,0.546149101057,0.47148582068,0,0,0,0,0,0,0,0,0.0
2019-03-09,0.466667615259,0.47745611912,0.483478289722,0.457447789317,0,0,0,0,0,0,0,0,0.0
2019-03-08,0.456682552613,0.466202156148,0.513961335184,0.456037585368,0,0,0,0,0,0,0,0,0.0
2019-03-07,0.432542960878,0.455831911879,0.477540398397,0.430242771226,0,0,0,0,0,0,0,0,0.0
2019-03-06,0.432833721273,0.43182109939,0.440171499763,0.424048122841,0,0,0,0,0,0,0,0,0.0
2019-03-05,0.407985284539,0.43299727215,0.43317421709,0.406767357909,0,0,3,3,1,0,0,3,1.29899181645
2019-03-04,0.422796713285,0.408108369548,0.427506353989,0.400721061369,0,0,0,0,0,0,0,0,0.0
2019-03-03,0.426734782225,0.423621852587,0.4329579009,0.422492317043,0,0,0,0,0,0,0,0,0.0
2019-03-02,0.431176353408,0.427786768967,0.438277760819,0.423016343426,0,0,0,0,0,0,0,0,0.0
2019-03-01,0.427210228566,0.431784968943,0.442586922966,0.42361869737,0,0,0,0,0,0,0,0,0.0
2019-02-28,0.431166992248,0.427420577979,0.445228253687,0.422574310899,0,0,0,0,0,0,0,0,0.0
2019-02-27,0.438511415682,0.431196652316,0.447848664447,0.422567021783,0,0,0,0,0,0,0,0,0.0
2019-02-26,0.473248640189,0.437896879676,0.475702870566,0.435919653969,0,0,0,0,0,0,0,0,0.0
2019-02-25,0.40895591376,0.470638463639,0.470638463639,0.406953032657,0,0,0,0,0,0,0,0,0.0
2019-02-24,0.45986532569,0.410640393381,0.464863533741,0.404810142309,0,0,0,0,0,0,0,0,0.0
2019-02-23,0.45151714492,0.461888803947,0.463198369086,0.444992584193,0,0,0,0,0,0,0,0,0.0
2019-02-22,0.444679805494,0.452029207229,0.459597077108,0.442612557411,0,0,0,0,0,0,0,0,0.0
2019-02-21,0.466514830839,0.445462670492,0.475937174082,0.441987046361,0,0,0,0,0,0,0,0,0.0
2019-02-20,0.458220185175,0.466109742431,0.474130555901,0.449127815703,0,0,0,0,0,0,0,0,0.0
2019-02-19,0.473564008745,0.458156230521,0.479298978026,0.458156230521,0,0,0,0,0,0,0,0,0.0
2019-02-18,0.460617948774,0.474333042057,0.483379011668,0.454601833067,0,0,0,0,0,0,0,0,0.0
2019-02-17,0.440276707281,0.457499213087,0.472938745981,0.429959825752,0,0,0,0,0,0,0,0,0.0
2019-02-16,0.43327672321,0.440510791116,0.444854973927,0.43327672321,0,0,0,0,0,0,0,0,0.0
2019-02-15,0.428067253388,0.432968855529,0.442390803499,0.421697176663,0,0,0,0,0,0,0,0,0.0
2019-02-14,0.443531849359,0.428376206185,0.445727240304,0.422197745789,0,0,1,1,0,0,0,1,0.428376206185
2019-02-13,0.426151807975,0.444044077411,0.444044077411,0.419569799307,0,0,0,0,0,0,0,0,0.0
2019-02-12,0.427935747868,0.425395475395,0.434905025138,0.421507265738,0,0,0,0,0,0,0,0,0.0
2019-02-11,0.452690783646,0.429450855114,0.452695122462,0.423228982897,0,0,0,0,0,0,0,0,0.0
2019-02-10,0.464839114127,0.452186140587,0.480032608629,0.439995395552,0,0,0,0,0,0,0,0,0.0
2019-02-09,0.438646362485,0.46433419057,0.479404277318,0.433020026026,0,0,0,0,0,0,0,0,0.0
2019-02-08,0.401655043901,0.436518891377,0.443173525014,0.398689863246,0,0,0,0,0,0,0,0,0.0
2019-02-07,0.39995054146,0.40147423891,0.406290684802,0.393330054819,0,0,0,0,0,0,0,0,0.0
2019-02-06,0.421404305481,0.399619981684,0.422242083619,0.393127755984,0,0,0,0,0,0,0,0,0.0
2019-02-05,0.393464443381,0.421776232937,0.430440091531,0.390429532081,0,0,0,0,0,0,0,0,0.0
2019-02-04,0.397265353046,0.394451796319,0.409226752499,0.388080317275,0,0,0,0,0,0,0,0,0.0
2019-02-03,0.415928377081,0.39664473942,0.416679850904,0.391219491409,0,0,0,0,0,0,0,0,0.0
2019-02-02,0.418131503606,0.414927034577,0.431467744662,0.40193955708,0,0,0,0,0,0,0,0,0.0
2019-02-01,0.387353709651,0.419263468526,0.43004538178,0.383755940963,0,0,1,266,106,0,0,266,111.524082627916
2019-01-31,0.426897861847,0.387690354953,0.440094464689,0.386335422106,0,0,0,0,0,0,0,0,0.0
2019-01-30,0.453444007993,0.426928766389,0.453444007993,0.421108385765,0,0,0,0,0,0,0,0,0.0
2019-01-29,0.4134584484,0.45523499992,0.465594200535,0.412659219373,0,0,0,0,0,0,0,0,0.0
2019-01-28,0.434097247192,0.413490114693,0.434650105865,0.357929760674,0,0,0,0,0,0,0,0,0.0
2019-01-27,0.469768667,0.433748990588,0.469768667,0.430182559899,0,0,0,0,0,0,0,0,0.0
2019-01-26,0.479245231465,0.47214917483,0.491413091097,0.468377690921,0,0,1,978,468,0,0,978,461.76189298374004
2019-01-25,0.507754435324,0.479479398326,0.518715098175,0.477191285127,0,0,0,0,0,0,0,0,0.0
2019-01-24,0.509977523589,0.504242133718,0.511098927558,0.478753802672,0,0,1,55,28,0,0,55,27.733317354489998
2019-01-23,0.540085709266,0.509976027783,0.551629750333,0.506791572214,0,0,0,0,0,0,0,0,0.0
2019-01-22,0.501980121514,0.540334699958,0.565395706096,0.501980121514,0,0,0,0,0,0,0,0,0.0
2019-01-21,0.490851680574,0.503279936696,0.524283504147,0.476882511435,0,0,0,0,0,0,0,0,0.0
2019-01-20,0.491417940072,0.490122567162,0.49729465251,0.471904418641,0,0,0,0,0,0,0,0,0.0
2019-01-19,0.499880615416,0.49146990724,0.500850740717,0.475322232859,0,0,0,0,0,0,0,0,0.0
2019-01-18,0.482481233134,0.500731508034,0.507996453713,0.469494132059,0,0,0,0,0,0,0,0,0.0
2019-01-17,0.495978227495,0.483011881103,0.498846247062,0.473997960763,0,0,0,0,0,0,0,0,0.0
2019-01-16,0.520064985435,0.497215322599,0.544165914337,0.480769116998,0,0,0,0,0,0,0,0,0.0
2019-01-15,0.489696425323,0.520637478592,0.557111388419,0.465548622402,0,0,1,140,76,0,0,140,72.88924700288001
2019-01-14,0.443326366257,0.485660068689,0.498073683823,0.424714588109,0,0,0,0,0,0,0,0,0.0
2019-01-13,0.410886062112,0.444260572655,0.452935053045,0.381357249218,0,0,0,0,0,0,0,0,0.0
2019-01-12,0.444802548317,0.412244398828,0.469564146452,0.407560822971,0,0,1,100,42,0,0,100,41.2244398828
2019-01-11,0.354706798799,0.444193038996,0.463958687216,0.35323070954,0,0,0,0,0,0,0,0,0.0
2019-01-10,0.40096824437,0.354603780319,0.406695258707,0.346559555623,0,0,0,0,0,0,0,0,0.0
2019-01-09,0.426102790074,0.40179199671,0.436119749458,0.400637173706,0,0,0,0,0,0,0,0,0.0
2019-01-08,0.37773565391,0.424198422872,0.424596491892,0.365395160051,0,0,1,10,7,0,0,10,4.24198422872
2019-01-07,0.397071657692,0.376474143284,0.410828200726,0.37107147721,0,0,1,49,18,0,0,49,18.447233020916
2019-01-06,0.39625121672,0.397010182379,0.403174658975,0.373562296296,0,0,1,19,7,0,0,19,7.543193465201
2019-01-05,0.439457271892,0.395948252783,0.443555442199,0.387586161579,0,0,0,0,0,0,0,0,0.0
2019-01-04,0.368733429254,0.437175390788,0.450038131287,0.366543005063,0,0,3,263,104,0,0,263,114.977127777244
2019-01-03,0.316471022701,0.366444776841,0.37236406668,0.315524873275,0,0,2,92,32,0,0,92,33.712919469372004
2019-01-02,0.300769522308,0.316488833681,0.318268562208,0.297464192659,0,0,0,0,0,0,0,0,0.0
2019-01-01,0.28875261553,0.299371000824,0.301980479115,0.28875261553,0,0,0,0,0,0,0,0,0.0
2018-12-31,0.299919194357,0.289444449882,0.30219346861,0.285003130483,0,0,0,0,0,0,0,0,0.0
2018-12-30,0.299536532263,0.298643357435,0.314681680928,0.295079540526,0,0,0,0,0,0,0,0,0.0
2018-12-29,0.298662783261,0.299969849477,0.31897504094,0.290561111105,0,0,1,1819,553,0,0,1819,545.645156198663
2018-12-28,0.275646309382,0.29837939009,0.301621839835,0.257563518852,0,0,0,0,0,0,0,0,0.0
2018-12-27,0.306720247102,0.275171072138,0.310778850121,0.273160310142,0,0,0,0,0,0,0,0,0.0
2018-12-26,0.316292762082,0.307583407748,0.319396709577,0.296118368002,0,0,0,0,0,0,0,0,0.0
2018-12-25,0.308042096647,0.317703537035,0.321939353605,0.288652308789,0,0,0,0,0,0,0,0,0.0
2018-12-24,0.313246012449,0.307952486311,0.331236765628,0.29984007560000003,0,0,0,0,0,0,0,0,0.0
2018-12-23,0.313057906111,0.313261455863,0.32030434559,0.300794892115,0,0,0,0,0,0,0,0,0.0
2018-12-22,0.298164190244,0.311305924056,0.311305924056,0.286960986157,0,0,0,0,0,0,0,0,0.0
2018-12-21,0.340056420726,0.298483262281,0.341851184884,0.292681366821,0,0,0,0,0,0,0,0,0.0
2018-12-20,0.295346394804,0.338506048816,0.346709669394,0.292791233672,0,0,0,0,0,0,0,0,0.0
2018-12-19,0.272329082681,0.296345606793,0.312697895775,0.264929780054,0,0,0,0,0,0,0,0,0.0
2018-12-18,0.233623320398,0.270225230407,0.271144477625,0.227673838813,0,0,3,773,179,0,0,773,208.88410310461103
2018-12-17,0.206783746392,0.233421576126,0.23772525194,0.204425094288,0,0,0,0,0,0,0,0,0.0
2018-12-16,0.203568403996,0.206881600449,0.219609478713,0.203225261255,0,0,1,2260,491,0,0,2260,467.55241701474
2018-12-15,0.203839095341,0.203356718746,0.207196228484,0.199321815085,0,0,0,0,0,0,0,0,0.0
2018-12-14,0.20592078561,0.202931857061,0.210268416395,0.199042582672,0,0,1,467,94,0,0,467,94.76917724748701
2018-12-13,0.226801137245,0.205695911914,0.228289623858,0.201940384033,0,0,0,0,0,0,0,0,0.0
2018-12-12,0.223371419248,0.226759005222,0.241899474805,0.220062313022,0,0,0,0,0,0,0,0,0.0
2018-12-11,0.219478277226,0.223391103289,0.225837806684,0.211127418729,0,0,0,0,0,0,0,0,0.0
2018-12-10,0.239575974432,0.219065477966,0.242904042883,0.215350982001,0,0,0,0,0,0,0,0,0.0
2018-12-09,0.228124088434,0.23979077229,0.246371640952,0.219744588478,0,0,0,0,0,0,0,0,0.0
2018-12-08,0.216475701472,0.228282839747,0.244535853683,0.211930304404,0,0,1,1,0,0,0,1,0.228282839747
2018-12-07,0.222210350404,0.216467937935,0.223212332291,0.196524848743,0,0,1,399,77,0,0,399,86.370707236065
2018-12-06,0.256724997541,0.222841142555,0.27021555598,0.221517669413,0,0,0,0,0,0,0,0,0.0
2018-12-05,0.285658557918,0.256612559562,0.293101941172,0.256593454243,0,0,0,0,0,0,0,0,0.0
2018-12-04,0.287592930554,0.287811704225,0.311339806125,0.284312932681,0,0,0,0,0,0,0,0,0.0
2018-12-03,0.31487300560000003,0.288481740048,0.3187893275,0.2824797743,0,0,0,0,0,0,0,0,0.0
2018-12-02,0.332233234182,0.31565722113,0.344589451117,0.3141114255,0,0,0,0,0,0,0,0,0.0
2018-12-01,0.322804951791,0.33269225277,0.344941820404,0.315273009348,0,0,0,0,0,0,0,0,0.0
2018-11-30,0.344778177752,0.322241746476,0.388260089016,0.3112675033,0,0,0,0,0,0,0,0,0.0
2018-11-29,0.3315790221,0.3447360694,0.384532279,0.3140159133,0,0,0,0,0,0,0,0,0.0
2018-11-28,0.2883097297,0.33146,0.350208,0.285821,0,0,0,0,0,0,0,0,0.0
2018-11-27,0.2836132856,0.287584,0.307023,0.2663457965,0,0,0,0,0,0,0,0,0.0
2018-11-26,0.259927,0.283866,0.284513,0.239467,0,0,0,0,0,0,0,0,0.0
2018-11-25,0.284489,0.259428,0.284489,0.23878932960000002,0,0,3,3441,886,0,0,3441,892.691748
2018-11-24,0.329575,0.284568,0.339396,0.261923,0,0,2,943,283,0,0,943,268.347624
2018-11-23,0.33900649110000003,0.32987661490000003,0.35133,0.319733,0,0,0,0,0,0,0,0,0.0
2018-11-22,0.36557262420000003,0.342961,0.384949,0.342961,0,0,7,5779,2072,0,0,5779,1981.9716190000001
2018-11-21,0.34409487050000004,0.367507,0.377458,0.324775,0,0,4,3738,1281,0,0,3738,1373.7411659999998
2018-11-20,0.408542,0.341813,0.42090221650000004,0.323228862,0,0,6,2549,977,0,0,2549,871.2813369999999
2018-11-19,0.5222752193,0.41129,0.525748,0.390645,0,0,0,0,0,0,0,0,0.0
2018-11-18,0.486116,0.524238,0.532501,0.4809902186,0,0,0,0,0,0,0,0,0.0
2018-11-17,0.5137578113,0.4850680124,0.515894,0.4755859998,0,0,0,0,0,0,0,0,0.0
2018-11-16,0.538504,0.512894,0.53886,0.5044781366000001,0,0,1,2,1,0,0,2,1.025788
2018-11-15,0.547454,0.541633,0.560645414,0.49053116820000003,0,0,6,614,337,0,0,614,332.56266200000005
2018-11-14,0.584511,0.5516048822,0.614066,0.48713,0,0,4,1826,1088,0,0,1826,1007.2305148972
2018-11-13,0.5618632882,0.581442,0.6217863869,0.5516714168,0,0,0,0,0,0,0,0,0.0
2018-11-12,0.5120464191,0.562799,0.5653000232000001,0.5048906105000001,0,0,0,0,0,0,0,0,0.0
2018-11-11,0.520441,0.509636,0.5283883707,0.501918,0,0,0,0,0,0,0,0,0.0
2018-11-10,0.492345837,0.5170616379,0.527346,0.49051981310000003,0,0,6,4242,2178,0,0,4242,2193.3754679718
2018-11-09,0.49489,0.492477,0.5008302038,0.483278,0,0,0,0,0,0,0,0,0.0
2018-11-08,0.481795,0.497901522,0.522419,0.4791166765,0,0,2,358,173,0,0,358,178.248744876
2018-11-07,0.48440396410000003,0.4816970481,0.489589,0.471198,0,0,1,1,0,0,0,1,0.4816970481
2018-11-06,0.481669,0.484115,0.491555,0.464432,0,0,5,678,327,0,0,678,328.22997000000004
2018-11-05,0.502914,0.481368,0.5151736983,0.47848137490000003,0,0,1,399,208,0,0,399,192.065832
2018-11-04,0.5411814512,0.5047498301,0.5433429021,0.486740473,0,0,8,1529,785,0,0,1529,771.7624902228999
2018-11-03,0.50197,0.543031,0.5553916841000001,0.49988281780000005,0,0,0,0,0,0,0,0,0.0
2018-11-02,0.5146160632,0.5027507127,0.524203,0.4971508193,0,0,3,950,498,0,0,950,477.61317706500006
2018-11-01,0.5073743824,0.514022,0.583402,0.4971033971,0,0,4,685,371,0,0,685,352.10507
2018-10-31,0.4528314402,0.506044,0.527735,0.441584671,0,0,1,1695,785,0,0,1695,857.74458
2018-10-30,0.4173866862,0.45041,0.459612,0.41593220610000003,0,0,0,0,0,0,0,0,0.0
2018-10-29,0.438024,0.418148,0.43982,0.397667058,0,0,0,0,0,0,0,0,0.0
2018-10-28,0.44323752320000004,0.44047859570000003,0.4473120343,0.429002,0,0,1,1,0,0,0,1,0.44047859570000003
2018-10-27,0.43332082580000003,0.444364,0.4589975893,0.41922525390000004,0,0,0,0,0,0,0,0,0.0
2018-10-26,0.438584,0.432123,0.4460515163,0.41407005150000004,0,0,3,944,404,0,0,944,407.924112
2018-10-25,0.4127133564,0.4361999016,0.4436740414,0.397999976,0,0,4,760,323,0,0,760,331.511925216
2018-10-24,0.435015,0.41310520440000004,0.437667,0.4076661311,0,0,0,0,0,0,0,0,0.0
2018-10-23,0.3904001738,0.437883,0.482214,0.3904,0,0,1,380,166,0,0,380,166.39554
2018-10-22,0.368917,0.390431,0.392008,0.355149,0,0,0,0,0,0,0,0,0.0
2018-10-21,0.3699531821,0.3709348712,0.3798017569,0.3661470368,0,0,4,1003,373,0,0,1003,372.0476758136
2018-10-20,0.36157788220000003,0.370766,0.3734941044,0.3584616816,0,0,2,188,67,0,0,188,69.704008
2018-10-19,0.3758087613,0.361977,0.3805614282,0.356982,0,0,0,0,0,0,0,0,0.0
2018-10-18,0.3753459134,0.376913,0.396928,0.366221,0,0,0,0,0,0,0,0,0.0
2018-10-17,0.359983,0.376968,0.38312,0.350594,0,0,0,0,0,0,0,0,0.0
2018-10-16,0.3401206646,0.3601284071,0.367643,0.33645,0,0,0,0,0,0,0,0,0.0
2018-10-15,0.326235,0.3405037801,0.350657,0.3219577621,0,0,0,0,0,0,0,0,0.0
2018-10-14,0.319704,0.325284,0.334104,0.31516862360000003,0,0,0,0,0,0,0,0,0.0
2018-10-13,0.3119164297,0.3197548689,0.323745,0.311512,0,0,0,0,0,0,0,0,0.0
2018-10-12,0.303087,0.311278,0.314708,0.301899,0,0,0,0,0,0,0,0,0.0
2018-10-11,0.3474560849,0.3033923824,0.3485223295,0.30103774240000003,0,0,0,0,0,0,0,0,0.0
2018-10-10,0.3393276351,0.3474590341,0.3601915449,0.332131,0,0,1,504,180,0,0,504,175.1193531864
2018-10-09,0.3438928027,0.339712,0.344227,0.33011,0,0,0,0,0,0,0,0,0.0
2018-10-08,0.3379347952,0.343585,0.3478023765,0.33474973480000003,0,0,0,0,0,0,0,0,0.0
2018-10-07,0.3376212106,0.337637,0.341053,0.3332996312,0,0,0,0,0,0,0,0,0.0
2018-10-06,0.3620266686,0.338098,0.37779311520000003,0.3343006214,0,0,0,0,0,0,0,0,0.0
2018-10-05,0.3207644394,0.356504,0.36668,0.3176489081,0,0,10,3375,1107,0,0,3375,1203.201
2018-10-04,0.310651,0.32094,0.3225593634,0.310573178,0,0,0,0,0,0,0,0,0.0
2018-10-03,0.3205205141,0.31026279560000003,0.3217642035,0.3058434511,0,0,0,0,0,0,0,0,0.0
2018-10-02,0.324566,0.321105,0.327268,0.318859,0,0,0,0,0,0,0,0,0.0
2018-10-01,0.332822,0.325232,0.33347816420000004,0.3225191746,0,0,0,0,0,0,0,0,0.0
2018-09-30,0.32891,0.3320127742,0.333077591,0.320582,0,0,0,0,0,0,0,0,0.0
2018-09-29,0.334734,0.329202,0.3348769998,0.325455,0,0,0,0,0,0,0,0,0.0
2018-09-28,0.346138,0.33510652,0.349646,0.327474,0,0,0,0,0,0,0,0,0.0
2018-09-27,0.3447216047,0.34559,0.3500511847,0.3320025257,0,0,0,0,0,0,0,0,0.0
2018-09-26,0.3261862085,0.348924,0.377129,0.3159998009,0,0,0,0,0,0,0,0,0.0
2018-09-25,0.333479,0.326493,0.347311,0.3169254011,0,0,0,0,0,0,0,0,0.0
2018-09-24,0.342773,0.334657,0.353736,0.3305036524,0,0,0,0,0,0,0,0,0.0
2018-09-23,0.340165,0.3438274622,0.3475552182,0.332853,0,0,0,0,0,0,0,0,0.0
2018-09-22,0.353784,0.3386294011,0.353784,0.323429,0,0,1,23,10,0,0,23,7.7884762253
2018-09-21,0.3540675479,0.353303,0.374125,0.33867899970000004,0,0,0,0,0,0,0,0,0.0
2018-09-20,0.331875,0.358403,0.4256089207,0.32627292880000003,0,0,5,2742,1077,0,0,2742,982.741026
2018-09-19,0.2898462497,0.329173,0.344874,0.285346,0,0,1,493,154,0,0,493,162.282289
2018-09-18,0.26757011480000004,0.291212,0.305719,0.2660447087,0,0,0,0,0,0,0,0,0.0
2018-09-17,0.274897,0.268721,0.2830982931,0.2609369506,0,0,0,0,0,0,0,0,0.0
2018-09-16,0.271143,0.273865,0.280837,0.260933,0,0,0,0,0,0,0,0,0.0
2018-09-15,0.2689711604,0.269288,0.279133,0.265223,0,0,0,0,0,0,0,0,0.0
2018-09-14,0.2727713057,0.268898,0.274140441,0.2617319587,0,0,0,0,0,0,0,0,0.0
2018-09-13,0.254169536,0.271776,0.27651472380000003,0.25377,0,0,0,0,0,0,0,0,0.0
2018-09-12,0.26003934830000003,0.253495,0.271943,0.24755,0,0,1,1025,255,0,0,1025,259.832375
2018-09-11,0.2476256544,0.260429,0.2672863524,0.2398901371,0,0,8,1948,490,0,0,1948,507.31569200000007
2018-09-10,0.2398189902,0.247807,0.254832,0.23926601620000001,0,0,43,33813,8466,0,0,33813,8379.098091
2018-09-09,0.2414267388,0.239741,0.2557419207,0.234261,0,0,7,7803,1934,0,0,7803,1870.6990230000001
2018-09-08,0.2609533831,0.241907,0.277029413,0.237862,0,0,0,0,0,0,0,0,0.0
2018-09-07,0.272267,0.260662,0.289301,0.258255,0,0,0,0,0,0,0,0,0.0
2018-09-06,0.2681464704,0.27221738770000004,0.284026,0.245265,0,0,0,0,0,0,0,0,0.0
2018-09-05,0.29976,0.268699,0.300533,0.2655838622,0,0,0,0,0,0,0,0,0.0
2018-09-04,0.306679,0.2998030875,0.309282,0.2924581375,0,0,0,0,0,0,0,0,0.0
2018-09-03,0.31115091980000004,0.30394,0.311338,0.294637,0,0,0,0,0,0,0,0,0.0
2018-09-02,0.32747778180000003,0.310938,0.341612,0.3003799871,0,0,0,0,0,0,0,0,0.0
2018-09-01,0.3276884612,0.328258,0.33432,0.319254,0,0,0,0,0,0,0,0,0.0
2018-08-31,0.305595,0.328099,0.333113586,0.2979669857,0,0,2,1556,458,0,0,1556,510.52204399999994
2018-08-30,0.3087805811,0.30539,0.3143997377,0.291036,0,0,0,0,0,0,0,0,0.0
2018-08-29,0.3360968919,0.30871,0.337197,0.3081814808,0,0,0,0,0,0,0,0,0.0
2018-08-28,0.3352448089,0.335793,0.3399686152,0.3256902714,0,0,1,1145,381,0,0,1145,384.482985
2018-08-27,0.3299936471,0.336085,0.336085,0.3233103779,0,0,0,0,0,0,0,0,0.0
2018-08-26,0.3197329386,0.328878,0.33678824420000003,0.3060076494,0,0,0,0,0,0,0,0,0.0
2018-08-25,0.335559,0.319767,0.3385054635,0.3190431201,0,0,0,0,0,0,0,0,0.0
2018-08-24,0.32210585410000003,0.3363004968,0.341856,0.31411276250000003,0,0,1,465,149,0,0,465,156.379731012
2018-08-23,0.31444499270000004,0.321022,0.322174,0.302736,0,0,1,421,133,0,0,421,135.150262
2018-08-22,0.313597,0.314632,0.3487700633,0.303965,0,0,0,0,0,0,0,0,0.0
2018-08-21,0.29089766580000004,0.3129058401,0.334666,0.286131,0,0,0,0,0,0,0,0,0.0
2018-08-20,0.299123,0.287262,0.3054692934,0.2848690055,0,0,0,0,0,0,0,0,0.0
2018-08-19,0.2748662408,0.3017777719,0.311823,0.274852,0,0,0,0,0,0,0,0,0.0
2018-08-18,0.292455,0.27332,0.297414,0.260974,0,0,0,0,0,0,0,0,0.0
2018-08-17,0.269883,0.2916885173,0.294185,0.2673805093,0,0,0,0,0,0,0,0,0.0
2018-08-16,0.2574871628,0.2681517429,0.279403,0.251698,0,0,1,724,203,0,0,724,194.1418618596
2018-08-15,0.2747953409,0.257547,0.279145,0.254971,0,0,0,0,0,0,0,0,0.0
2018-08-14,0.258216,0.27191,0.272586,0.226687,0,0,0,0,0,0,0,0,0.0
2018-08-13,0.2833635895,0.25942201470000004,0.298308,0.2579821643,0,0,0,0,0,0,0,0,0.0
2018-08-12,0.271578,0.283597,0.2894559853,0.261270594,0,0,0,0,0,0,0,0,0.0
2018-08-11,0.2745234158,0.27067,0.2821436044,0.2369585743,0,0,2,1100,271,0,0,1100,297.737
2018-08-10,0.27507685060000003,0.274727,0.312034,0.269657,0,0,1,189,50,0,0,189,51.923403
2018-08-09,0.22809600570000002,0.276128,0.300537,0.22809600570000002,0,0,0,0,0,0,0,0,0.0
2018-08-08,0.23416075520000001,0.22804,0.2365136142,0.220033,0,0,0,0,0,0,0,0,0.0
2018-08-07,0.23516202790000001,0.233997,0.2591554815,0.232132,0,0,0,0,0,0,0,0,0.0
2018-08-06,0.2542494263,0.236471,0.25961225190000004,0.2332442442,0,0,0,0,0,0,0,0,0.0
2018-08-05,0.2568471167,0.253947,0.257437,0.242065,0,0,0,0,0,0,0,0,0.0
2018-08-04,0.2850812949,0.257989,0.286994,0.2485266828,0,0,0,0,0,0,0,0,0.0
2018-08-03,0.3101528435,0.2848797938,1.6147938512,0.2742459798,0,0,0,0,0,0,0,0,0.0
2018-08-02,0.28738491590000004,0.30958,0.317333,0.28738491590000004,0,0,0,0,0,0,0,0,0.0
2018-08-01,0.2954334321,0.28728,0.308805,0.26952,0,0,0,0,0,0,0,0,0.0
2018-07-31,0.313723,0.293934,0.313723,0.2637744046,0,0,0,0,0,0,0,0,0.0
